country-code,geoId,name,local-name,is-synonym,is-remove,alias
jp,20004425,Taipa,氹仔（タイパ）,True,,"['氹仔', 'タイパ']"
jp,20004048,Shaoxing,紹興（シャオシン）,True,,"['紹興', 'シャオシン']"
jp,20005079,Xinchang Xian,新昌県（シンチャンケン）,True,,"['新昌県', 'シンチャンケン', '新昌']"
jp,20003314,Ningbo,寧波（ネンポウ）,True,,"['寧波', 'ネンポウ']"
jp,20005419,Yinzhou Qu,鄞州区（インジョウク）,True,,"['鄞州区', 'インジョウク', '鄞州']"
jp,20001921,Jinhua,金華市（キンカシ）,True,,"['金華市', 'キンカシ', '金華']"
jp,20005423,Yiwu Shi,義烏市（ギウシ）,True,,"['義烏市', 'ギウシ', '義烏']"
jp,20005178,Xiuzhou Qu,秀洲区（シュウシュウク）,True,,"['秀洲区', 'シュウシュウク', '秀洲']"
jp,20001207,Haiyan Xian,海鹽県（ハイヤンシエン）,True,,"['海鹽県', 'ハイヤンシエン', '海鹽']"
jp,20005038,Xiaoshan Qu,蕭山区（シャオシャンク）,True,,"['蕭山区', 'シャオシャンク', '蕭山']"
jp,20005061,Xihu Qu,西湖区（セイコク）,True,,"['西湖区', 'セイコク', '西湖']"
jp,20004888,Wenzhou,温州（ウンチョウ）,True,,"['温州', 'ウンチョウ']"
jp,20005465,Yongjia Xian,永嘉県（ヨンジアシェン）,True,,"['永嘉県', 'ヨンジアシェン', '永嘉']"
jp,20004434,Taishun Xian,台順県（タイシュンシェン）,True,,"['台順県', 'タイシュンシェン', '台順']"
jp,20005083,Xindu Qu,新都区（シントクク）,True,,"['新都区', 'シントクク', '新都']"
jp,20000636,Dayi Xian,大義県（ダイイシエン）,True,,"['大義県', 'ダイイシエン', '大義']"
jp,20005129,Xinjin Xian,新津県（シンジンケン）,True,,"['新津県', 'シンジンケン', '新津']"
jp,20004878,Wenjiang Qu,文江区（ブンコウク）,True,,"['文江区', 'ブンコウク', '文江']"
jp,20000980,Ganluo Xian,甘洛県（ガンルオシエン）,True,,"['甘洛県', 'ガンルオシエン', '甘洛']"
jp,20005325,Yanyuan Xian,盐源县（エンユアンシェン）,True,,"['盐源县', 'エンユアンシェン']"
jp,20005049,Xide Xian,西徳県（セイトツケン）,True,,"['西徳県', 'セイトツケン', '西徳']"
jp,20005044,Xichang Shi,西昌市（セイチャンシ）,True,,"['西昌市', 'セイチャンシ', '西昌']"
jp,20000777,Emeishan Shi,峨眉山市（エメイシャンシ）,True,,"['峨眉山市', 'エメイシャンシ', '峨眉山']"
jp,20000765,Ebian Yizu Zizhixian,峨辺彝族自治県（エビアンイズーズーシーシエン）,True,,"['峨辺彝族自治県', 'エビアンイズーズーシーシエン', 'エビアン', '峨辺']"
jp,20001098,Guangyuan,広元（グァンユアン）,True,,"['広元', 'グァンユアン']"
jp,20002590,Linshui Xian,臨水県（リンスイシン）,True,,"['臨水県', 'リンスイシン', '臨水']"
jp,20000609,Daocheng Xian,道誠県（ダオチェンシエン）,True,,"['道誠県', 'ダオチェンシエン', '道誠']"
jp,20000254,Batang Xian,巴塘県（バタンシン）,True,,"['巴塘県', 'バタンシン', '巴塘']"
jp,20005227,Yajiang Xian,雅江県（ガコウケン）,True,,"['雅江県', 'ガコウケン', '雅江']"
jp,20005131,Xinlong Xian,新龍県（シンロンケン）,True,,"['新龍県', 'シンロンケン', '新龍']"
jp,20001086,Guanghan Shi,広漢市（グァンハンシ）,True,,"['広漢市', 'グァンハンシ', '広漢']"
jp,20005187,Xuanhan Xian,宣汉县（センカンケン）,True,,"['宣汉县', 'センカンケン']"
jp,20005305,Yanjiang Qu,沿江区（エンジャンク）,True,,"['沿江区', 'エンジャンク', '沿江']"
jp,20005322,Yantan Qu,雁潭区（エンタンク）,True,,"['雁潭区', 'エンタンク', '雁潭']"
jp,20005370,Yibin,宜賓（ギビン）,True,,"['宜賓', 'ギビン']"
jp,20005111,Xingwen Xian,兴文県（コウブンケン）,True,,"['兴文県', 'コウブンケン', '兴文']"
jp,20005369,Yibin Xian,宜賓県（ギヒンケン）,True,,"['宜賓県', 'ギヒンケン', '宜賓']"
jp,20000259,Bazhong,巴中（バージョン）,True,,"['巴中', 'バージョン']"
jp,20005212,Ya'an,雅安（ガアン）,True,,"['雅安', 'ガアン']"
jp,20000249,Baoxing Xian,寶興県（バオシンシエン）,True,,"['寶興県', 'バオシンシエン', '寶興']"
jp,20005267,Yanbian Xian,延邊県（エンベンケン）,True,,"['延邊県', 'エンベンケン', '延邊']"
jp,20005036,Xiaojin Xian,小金県（シャオジンケン）,True,,"['小金県', 'シャオジンケン', '小金']"
jp,20005408,Yingshan Xian,英山県（エイサンケン）,True,,"['英山県', 'エイサンケン', '英山']"
jp,20005391,Yilong Xian,宜隆県（ギリョウケン）,True,,"['宜隆県', 'ギリョウケン', '宜隆']"
jp,20005046,Xichong Xian,西充県（セイジュウケン）,True,,"['西充県', 'セイジュウケン', '西充']"
jp,20005324,Yanting Xian,鹽亭県（エンテイケン）,True,,"['鹽亭県', 'エンテイケン', '鹽亭']"
jp,20005506,Youxian Qu,友賢区（ヨウシェンク）,True,,"['友賢区', 'ヨウシェンク', '友賢']"
jp,20000305,Bishan,璧山（ヒシャン）,True,,"['璧山', 'ヒシャン']"
jp,20005171,Xiushan Tujia and Miao,秀山土家族苗族自治県（シュウサントカズモズチケン）,True,,"['秀山土家族苗族自治県', 'シュウサントカズモズチケン', 'シュウサン, '秀山']"
jp,20001284,Hechuan,合川（ヘチュアン）,True,,"['合川', 'ヘチュアン']"
jp,20004947,Wushan,武山（ブサン）,True,,"['武山', 'ブサン']"
jp,20005218,Yadong Xian,亞東県（アトウケン）,True,,"['亞東県', 'アトウケン', '亞東']"
jp,20005051,Xietongmen Xian,謝通門県（シエトンメンケン）,True,,"['謝通門県', 'シエトンメンケン', '謝通門']"
jp,20002508,Lhoka (Shannan),ロカ（山南）,True,,"['ロカ', '山南']"
jp,20000252,Baqing Xian,巴青県（バーチンシエン）,True,,"['巴青県', 'バーチンシエン', '巴青']"
jp,20000096,Anduo Xian,安多県（アンドゥシエン）,True,,"['安多県', 'アンドゥシエン', '安多']"
jp,20000286,Bianba Xian,破崖県（ビアンバシン）,True,,"['破崖県', 'ビアンバシン', '破崖']"
jp,20005176,Xiuying Qu,修英区（シュウエイキュウ）,True,,"['修英区', 'シュウエイキュウ', '修英']"
jp,20000705,Dongfang Shi,東方市（ドンファンシ）,True,,"['東方市', 'ドンファンシ', '東方']"
jp,20002492,Ledong Lizu Zizhixian,勒洞傈僳族自治県（ルオンリスズーズィチュウシュウケン）,True,,"['勒洞傈僳族自治県', 'ルオンリスズーズィチュウシュウケン', 'ルオン‘, '勒洞']"
jp,20004869,Wenchang Shi,文昌市（ブンショウシ）,True,,"['文昌市', 'ブンショウシ', '文昌']"
jp,20005169,Xishui Xian,浠水県（シスイケン）,True,,"['浠水県', 'シスイケン', '浠水']"
jp,20005417,Yinjiang Tujiazu Miaozu Zizhixian,銀江土家族苗族自治県（インジャンツジャズミャオズジチュウシュウケン）,True,,"['銀江土家族苗族自治県', 'インジャン', '銀江']"
jp,20005302,Yanhe Tujiazu Zizhixian,燕河土家族自治県（エンヘトジャズーズィチュウシュウケン）,True,,"['燕河土家族自治県', 'エンヘトジャズーズィチュウシュウケン', 'エンヘ', '燕河']"
jp,20000651,Dejiang Xian,徳江県（ドクーシエン）,True,,"['徳江県', 'ドクーシエン', '徳江']"
jp,20000291,Bijiang District,碧江区（ビジャンク）,True,,"['碧江区', 'ビジャンク', '碧江']"
jp,20005105,Xingren Xian,兴仁県（コウジンケン）,True,,"['兴仁県', 'コウジンケン', '兴仁']"
jp,20000758,Dushan Xian,都山県（ドゥシャンシエン）,True,,"['都山県', 'ドゥシャンシエン', '都山']"
jp,20004418,Taijiang Xian,泰江県（タイジャンシェン）,True,,"['泰江県', 'タイジャンシェン', '泰江']"
jp,20005173,Xiuwen Xian,修文県（シュウブンケン）,True,,"['修文県', 'シュウブンケン', '修文']"
jp,20005053,Xifeng Xian,西豐県（セイホウケン）,True,,"['西豐県', 'セイホウケン', '西豐']"
jp,20005035,Xiaohe Qu,小河区（シャオヘク）,True,,"['小河区', 'シャオヘク', '小河']"
jp,20004903,Wudang Qu,武当区（ブトウク）,True,,"['武当区', 'ブトウク', '武当']"
jp,20005184,Xixiu Qu,西秀区（セイシュウク）,True,,"['西秀区', 'セイシュウク', '西秀']"
jp,20005082,Xincheng Xian,新城県（シンチョウケン）,True,,"['新城県', 'シンチョウケン', '新城']"
jp,20005092,Xingbin Qu,兴宾区（コウヒンク）,True,,"['兴宾区', 'コウヒンク', '兴宾']"
jp,20000839,Fengshan Xian,鳳山県（フォンシャンシエン）,True,,"['鳳山県', 'フォンシャンシエン', '鳳山']"
jp,20005433,Yizhou Shi,宜州市（ギジョウシ）,True,,"['宜州市', 'ギジョウシ', '宜州']"
jp,20002674,Longsheng Gezu Zizhixian,龍勝カル族自治県（ロンションカルズーズィチュウシケン）,True,,"['龍勝カル族自治県', 'ロンションカルズーズィチュウシケン', 'ロンション', '龍勝']"
jp,20005294,Yangshuo Xian,陽朔県（ヤンシュオケン）,True,,"['陽朔県', 'ヤンシュオケン', '陽朔']"
jp,20005091,Xing'an Xian,興安県（コウアンケン）,True,,"['興安県', 'コウアンケン', '興安']"
jp,20003830,Xiufeng,秀峰（地名としての表記）,True,,"['秀峰']"
jp,20005314,Yanshan Qu,雁山区（エンシャンク）,True,,"['雁山区', 'エンシャンク', '雁山']"
jp,20000972,Gangnan Qu,岡南区（ガンナンク）,True,,"['岡南区', 'ガンナンク', '岡南']"
jp,20000970,Gangkou Qu,港口区（ガンコウク）,True,,"['港口区', 'ガンコウク', '港口']"
jp,20001187,Haicheng Qu,海澄区（ハイチョンク）,True,,"['海澄区', 'ハイチョンク', '海澄']"
jp,20005414,Yinhai Qu,陰海区（インハイク）,True,,"['陰海区', 'インハイク', '陰海']"
jp,20005066,Xilin Xian,西林県（セイリンケン）,True,,"['西林県', 'セイリンケン', '西林']"
jp,20004938,Wuming Xian,武鸣県（ブミンケン）,True,,"['武鸣県', 'ブミンケン', '武鸣']"
jp,20005101,Xingning Qu,興寧区（コウネイク）,True,,"['興寧区', 'コウネイク', '興寧']"
jp,20005183,Xixiangtang Qu,西象塘区（セイコウドウク）,True,,"['西象塘区', 'セイコウドウク', '西象塘']"
jp,20005152,Xinyi Shi,新野市（シンインシ）,True,,"['新野市', 'シンインシ', '新野']"
jp,20001008,Gaozhou Shi,高州市（ガオジョウシ）,True,,"['高州市', 'ガオジョウシ', '高州']"
jp,20000853,Foshan,佛山（フーシャン）,True,,"['佛山', 'フーシャン']"
jp,20000710,Dongguan,東莞（トンワン）,True,,"['東莞', 'トンワン']"
jp,20005738,Zhuhai,珠海（チューハイ）,True,,"['珠海', 'チューハイ']"
jp,20000745,Doumen Qu,斗門区（ドウメンク）,True,,"['斗門区', 'ドウメンク', '斗門']"
jp,20005024,Xiangzhou Qu,香洲区（コウシュウク）,True,,"['香洲区', 'コウシュウク', '香洲']"
jp,20005208,Xuwen Xian,徐闻県（ジョウブンケン）,True,,"['徐闻県', 'ジョウブンケン', '徐闻']"
jp,20005042,Xiashan Qu,夏山区（シャンシャンク）,True,,"['夏山区', 'シャンシャンク', '夏山']"
jp,20005149,Xinxing Xian,新興県（シンシンケン）,True,,"['新興県', 'シンシンケン', '新興']"
jp,20005295,Yangxi Xian,陽西県（ヤンシケン）,True,,"['陽西県', 'ヤンシケン', '陽西']"
jp,20005280,Yangdong Xian,陽東県（ヤンドンケン）,True,,"['陽東県', 'ヤンドンケン', '陽東']"
jp,20005279,Yangchun Shi,陽春市（ヤンチュンシ）,True,,"['陽春市', 'ヤンチュンシ', '陽春']"
jp,20005323,Yantian Qu,盐田区（エンティエンク）,True,,"['盐田区', 'エンティエンク', '盐田']"
jp,20002723,Luohu Qu,羅湖区（ラコク）,True,,"['羅湖区', 'ラコク', '羅湖']"
jp,20000939,Futian Qu,福田区（フトウク）,True,,"['福田区', 'フトウク', '福田']"
jp,20005085,Xinfeng Xian,新丰县（シンホウケン）,True,,"['新丰县', 'シンホウケン']"
jp,20000428,Cheng Qu,城区（チェンク）,True,,"['城区', 'チェンク']"
jp,20005399,Yingde Shi,英德市（エイデシ）,True,,"['英德市', 'エイデシ', '英德']"
jp,20005293,Yangshan Xian,陽山県（ヤンシャンケン）,True,,"['陽山県', 'ヤンシャンケン', '陽山']"
jp,20000851,Fogang Xian,佛岡県（フォーガンシエン）,True,,"['佛岡県', 'フォーガンシエン', '佛岡']"
jp,20005102,Xingning Shi,兴宁市（コウネイシ）,True,,"['兴宁市', 'コウネイシ', '兴宁']"
jp,20005059,Xihe Xian,西和県（セイワケン）,True,,"['西和県', 'セイワケン', '西和']"
jp,20004887,Wenxian,文県（ブンケン）,True,,"['文県', 'ブンケン', '文']"
jp,20005057,Xigu Qu,西固区（セイコクク）,True,,"['西固区', 'セイコクク', '西固']"
jp,20004378,Suzhou Qu,蘇州区（スージョウク）,True,,"['蘇州区', 'スージョウク', '蘇州']"
jp,20005448,Yongchang Xian,永昌県（ヨンチャンシェン）,True,,"['永昌県', 'ヨンチャンシェン', '永昌']"
jp,20000219,Baiyin Qu,白銀区（バイインク）,True,,"['白銀区', 'バイインク', '白銀']"
jp,20004349,Sunan Yuguzu Zizhixian,蘇南ユグズー自治県（スーナンユグズーズーシェン）,True,,"['蘇南ユグズー自治県', 'スーナンユグズーズーシェン', 'スーナン', '蘇南']"
jp,20004946,Wushan Xian,武山県（ブサンケン）,True,,"['武山県', 'ブサンケン', '武山']"
jp,20005052,Xifeng Qu,西峰区（セイホウク）,True,,"['西峰区', 'セイホウク', '西峰']"
jp,20001889,Jingchuan Xian,涇川県（ジンチュアンシン）,True,,"['涇川県', 'ジンチュアンシン', '涇川']"
jp,20004990,Xiamen,廈門（カーメン）,True,,"['廈門', 'カーメン']"
jp,20001127,Gulou Qu,鼓楼区（グロク）,True,,"['鼓楼区', 'グロク', '鼓楼']"
jp,20005483,Yong’an Shi,永安市（ヨンアンシ）,True,,"['永安市', 'ヨンアンシ', '永安']"
jp,20003778,Quanzhou,泉州（センシュウ）,True,,"['泉州', 'センシュウ']"
jp,20000123,Anxi Xian,安溪県（アンシケン）,True,,"['安溪県', 'アンシケン', '安溪']"
jp,20000846,Fengze Qu,奉賛区（フォンズィク）,True,,"['奉賛区', 'フォンズィク', '奉賛']"
jp,20002689,Luojiang Qu,羅江区（ルオジャンク）,True,,"['羅江区', 'ルオジャンク', '羅江']"
jp,20001929,Jinmen Xian,金門県（キンメンケン）,True,,"['金門県', 'キンメンケン', '金門']"
jp,20005030,Xianyou Xian,仙遊県（シエンヨウケン）,True,,"['仙遊県', 'シエンヨウケン', '仙遊']"
jp,20001244,Hanjiang Qu,漢江区（ハンジャンク）,True,,"['漢江区', 'ハンジャンク', '漢江']"
jp,20005177,Xiuyu Qu,秀屿区（シュウユク）,True,,"['秀屿区', 'シュウユク', '秀屿']"
jp,20005041,Xiapu Xian,霞浦県（カフケン）,True,,"['霞浦県', 'カフケン', '霞浦']"
jp,20000862,Fuding Shi,福鼎市（フーディンシ）,True,,"['福鼎市', 'フーディンシ', '福鼎']"
jp,20005311,Yanping Qu,延平区（エンピンク）,True,,"['延平区', 'エンピンク', '延平']"
jp,20005132,Xinluo Qu,新羅区（シンラク）,True,,"['新羅区', 'シンラク', '新羅']"
jp,20005588,Yunnan,雲南（ユンナン）,True,,"['雲南', 'ユンナン']"
jp,20002415,Kunming,昆明（コンメイ）,True,,"['昆明', 'コンメイ']"
jp,20004297,Songming Xian,松明県（ソンミンシエン）,True,,"['松明県', 'ソンミンシエン', '松明']"
jp,20005388,Yiliang Xian,宜良県（ギリャンケン）,True,,"['宜良県', 'ギリャンケン', '宜良']"
jp,20005199,Xundian Huizu Yizu Zizhixian,寻甸回族彝族自治県（シュンディアンホイズユズチチケン）,True,,"['寻甸回族彝族自治県', 'シュンディアンホイズユズチチケン', 'シュンディアン', '寻甸']"
jp,20001461,Honghe Hani and Yi,紅河ハニ族イ族自治州（ホンヘハニゾクイゾクジチュウ）,True,,"['紅河ハニ族イ族自治州', 'ホンヘハニゾクイゾクジチュウ', '紅河', 'ホンヘ']"
jp,20005402,Yingjiang Xian,盈江県（インジャンケン）,True,,"['盈江県', 'インジャンケン', '盈江']"
jp,20005276,Yangbi Yizu Zizhixian,陽畢彝族自治県（ヤンビイズチチュウシュウケン）,True,,"['陽畢彝族自治県', 'ヤンビイズチチュウシュウケン', 'ヤンビ', '陽畢']"
jp,20005327,Yao'an Xian,姚安県（ヤオアンケン）,True,,"['姚安県', 'ヤオアンケン', '姚安']"
jp,20005476,Yongshan Xian,永善県（ヨンシャンシン）,True,,"['永善県', 'ヨンシャンシン', '永善']"
jp,20005389,Yiliang Xian,宜良県（ギリャンケン）,True,,"['宜良県', 'ギリャンケン', '宜良']"
jp,20005306,Yanjin Xian,延津県（エンジンケン）,True,,"['延津県', 'エンジンケン', '延津']"
jp,20004325,Suijiang Xian,水江県（スイジャンシェン）,True,,"['水江県', 'スイジャンシェン', '水江']"
jp,20005393,Yimen Xian,易門県（イーメンケン）,True,,"['易門県', 'イーメンケン', '易門']"
jp,20005136,Xinping Yizu Daizu Zizhixian,新平彝族傣族自治県（シンピンイズダイズジチケン）,True,,"['新平彝族傣族自治県', 'シンピンイズダイズジチケン', 'シンピン', '新平']"
jp,20000794,Eshan Yizu Zizhixian,峨山彝族自治県（エシャンイズーズーシーシエン）,True,,"['峨山彝族自治県', 'エシャンイズーズーシーシエン', 'エシャン', '峨山']"
jp,20005317,Yanshan Xian,鹽山県（エンサンケン）,True,,"['鹽山県', 'エンサンケン', '鹽山']"
jp,20005047,Xichou Xian,西畴県（セイチュウケン）,True,,"['西畴県', 'セイチュウケン', '西畴']"
jp,20004881,Wenshan Shi,文山市（ブンザンシ）,True,,"['文山市', 'ブンザンシ', '文山']"
jp,20001090,Guangnan Xian,広南県（グァンナンシエン）,True,,"['広南県', 'グァンナンシエン', '広南']"
jp,20005190,Xuanwei Shi,宣威市（センイーシ）,True,,"['宣威市', 'センイーシ', '宣威']"
jp,20005070,Ximeng Wazu Zizhixian,西盟佤族自治県（セイメイワズズチケン）,True,,"['西盟佤族自治県', 'セイメイワズズチケン', 'セイメイ', '西盟']"
jp,20000865,Fugong Xian,福貢県（フーゴンシエン）,True,,"['福貢県', 'フーゴンシエン', '福貢']"
jp,20000840,Fengtai,豊台（フェンタイ）,True,,"['豊台', 'フェンタイ']"
jp,20000388,Changping,昌平（チャンピン）,True,,"['昌平', 'チャンピン']"
jp,20004109,Shijingshan,石景山（シージンシャン）,True,,"['石景山', 'シージンシャン']"
jp,20000632,Daxing,大興区（ダーシン）,True,,"['大興区', 'ダーシン', '大興']"
jp,20005045,Xicheng,西城（シーチェン）,True,,"['西城', 'シーチェン']"
jp,20001189,Haidian,海淀（ハイディアン）,True,,"['海淀', 'ハイディアン']"
jp,20004266,Shunyi,顺义（シュンイー）,True,,"['顺义', 'シュンイー']"
jp,20000414,Chaoyang,朝陽（チャオヤン）,True,,"['朝陽', 'チャオヤン']"
jp,20000701,Dongcheng,東城（トンチェン）,True,,"['東城', 'トンチェン']"
jp,20005143,Xinshi Qu,新市区（シンシク）,True,,"['新市区', 'シンシク', '新市']"
jp,20005346,Yecheng Xian,葉城県（イェチョンケン）,True,,"['葉城県', 'イェチョンケン', '葉城']"
jp,20005404,Yingjisha Xian,英吉沙県（エイキシャケン）,True,,"['英吉沙県', 'エイキシャケン', '英吉沙']"
jp,20005415,Yining Shi,伊寧市（イニンシ）,True,,"['伊寧市', 'イニンシ', '伊寧']"
jp,20005416,Yining Xian,伊寧県（イニンケン）,True,,"['伊寧県', 'イニンケン', '伊寧']"
jp,20005155,Xinyuan Xian,新源県（シンユアンケン）,True,,"['新源県', 'シンユアンケン', '新源']"
jp,20005424,Yiwu Xian,義烏県（ギウケン）,True,,"['義烏県', 'ギウケン', '義烏']"
jp,20005312,Yanqi Huizu Zizhixian,焉耆回族自治県（エンチホイズーズーズィチュウシュウケン）,True,,"['焉耆回族自治県', 'エンチホイズーズーズィチュウシュウケン', 'エンチ', '焉耆']"
jp,20000951,Fuyun Xian,富蕴県（フーユンシエン）,True,,"['富蕴県', 'フーユンシエン', '富蕴']"
jp,20005116,Xinhe Xian,新河県（シンホウケン）,True,,"['新河県', 'シンホウケン', '新河']"
jp,20000206,Baicheng Xian,白城県（バイチェンシエン）,True,,"['白城県', 'バイチェンシエン', '白城']"
jp,20004388,Tacheng Shi,塔城市（ターチェンシ）,True,,"['塔城市', 'ターチェンシ', '塔城']"
jp,20004942,Wuqia Xian,伍恰県（ゴカケン）,True,,"['伍恰県', 'ゴカケン', '伍恰']"
jp,20000050,Aketao Xian,阿克陶県（アクタオシエン）,True,,"['阿克陶県', 'アクタオシエン', '阿克陶']"
jp,20004924,Wujiaqu Shi,五家渠市（ゴカキョシ）,True,,"['五家渠市', 'ゴカキョシ', '五家渠']"
jp,20001278,Hebei Qu,河北区（ホーパクク）,True,,"['河北区', 'ホーパクク', '河北']"
jp,20005162,Xiqing Qu,西青区（セイセイク）,True,,"['西青区', 'セイセイク', '西青']"
jp,20001286,Hedong Qu,河東区（ヘドンク）,True,,"['河東区', 'ヘドンク', '河東']"
jp,20003233,Nankai Qu,南開区（ナンカイク）,True,,"['南開区', 'ナンカイク', '南開']"
jp,20000298,Binhai Xin Qu,滨海新区（ビンハイシンク）,True,,"['滨海新区', 'ビンハイシンク', '滨海新']"
jp,20000626,Datong,大同（ダートン）,True,,"['大同', 'ダートン']"
jp,20005281,Yanggao Xian,陽高県（ヤンガオケン）,True,,"['陽高県', 'ヤンガオケン', '陽高']"
jp,20002571,Lingqiu Xian,靈丘県（リンチウシン）,True,,"['靈丘県', 'リンチウシン', '靈丘']"
jp,20001089,Guangling Xian,廣陵県（グァンリンシエン）,True,,"['廣陵県', 'グァンリンシエン', '廣陵']"
jp,20000426,Cheng Qu,城区（チェンク）,True,,"['城区', 'チェンク', '城']"
jp,20005140,Xinrong Qu,新荣区（シンロンク）,True,,"['新荣区', 'シンロンク', '新荣']"
jp,20005159,Xinzhou,忻州（シンジュウ）,True,,"['忻州', 'シンジュウ']"
jp,20000234,Baode Xian,保徳県（バオデシエン）,True,,"['保徳県', 'バオデシエン', '保徳']"
jp,20005290,Yangqu Xian,陽曲県（ヤンチョクケン）,True,,"['陽曲県', 'ヤンチョクケン', '陽曲']"
jp,20001123,Gujiao Shi,固鉱市（グジャオシ）,True,,"['固鉱市', 'グジャオシ', '固鉱']"
jp,20005098,Xinghualing Qu,兴华岭区（コウカリンク）,True,,"['兴华岭区', 'コウカリンク', '兴华岭']"
jp,20005033,Xiaodian Qu,小店区（シャオディアンク）,True,,"['小店区', 'シャオディアンク', '小店']"
jp,20005397,Ying Xian,英県（エイケン）,True,,"['英県', 'エイケン', '英']"
jp,20000848,Fenxi Xian,汾西県（フェンシシエン）,True,,"['汾西県', 'フェンシシエン', '汾西']"
jp,20000134,Anze Xian,安澤県（アンゼシエン）,True,,"['安澤県', 'アンゼシエン', '安澤']"
jp,20005375,Yicheng Xian,宜城県（イチョウケン）,True,,"['宜城県', 'イチョウケン', '宜城']"
jp,20005329,Yaodu Qu,尧都区（ヤオドク）,True,,"['尧都区', 'ヤオドク', '尧都']"
jp,20005185,Xiyang Xian,西陽県（セイヨウケン）,True,,"['西陽県', 'セイヨウケン', '西陽']"
jp,20004410,Taigu Xian,太谷県（タイグシェン）,True,,"['太谷県', 'タイグシェン', '太谷']"
jp,20005277,Yangcheng Xian,陽城県（ヤンチェンケン）,True,,"['陽城県', 'ヤンチェンケン', '陽城']"
jp,20000427,Cheng Qu,城区（チェンク）,True,,"['城区', 'チェンク', '城']"
jp,20003755,Qinyuan Xian,沁源県（チンユェンシェン）,True,,"['沁源県', 'チンユェンシェン', '沁源']"
jp,20001552,Huguan Xian,壺關県（フグアンケン）,True,,"['壺關県', 'フグアンケン', '壺關']"
jp,20000425,Cheng Qu,城区（チェンク）,True,,"['城区', 'チェンク', '城']"
jp,20004886,Wenxi Xian,聞喜県（オンセイケン）,True,,"['聞喜県', 'オンセイケン', '聞喜']"
jp,20005127,Xinjiang Xian,新絳県（シンジャンケン）,True,,"['新絳県', 'シンジャンケン', '新絳']"
jp,20005303,Yanhu Qu,雁湖区（エンフク）,True,,"['雁湖区', 'エンフク', '雁湖']"
jp,20005291,Yangquan,陽泉（ヤンチュアン）,True,,"['陽泉', 'ヤンチュアン']"
jp,20000429,Cheng Qu,城区（チェンク）,True,,"['城区', 'チェンク', '城']"
jp,20000383,Changning,常寧（ジョウニン）,True,,"['常寧', 'ジョウニン']"
jp,20005197,Xuhui,徐匯（ジョイ）,True,,"['徐匯', 'ジョイ']"
jp,20001886,Jing'an,静安（ジンアン）,True,,"['静安', 'ジンアン']"
jp,20003657,Putuo,普陀（プトゥオ）,True,,"['普陀', 'プトゥオ']"
jp,20005639,Zhabei,闸北（ジャーベイ）,True,,"['闸北', 'ジャーベイ']"
jp,20001525,Huangpu,黄浦（ホアンプ）,True,,"['黄浦', 'ホアンプ']"
jp,20005394,Yinan Xian,沂南県（イナンケン）,True,,"['沂南県', 'イナンケン', '沂南']"
jp,20004501,Tancheng Xian,塔城県（タンチョンシェン）,True,,"['塔城県', 'タンチョンシェン', '塔城']"
jp,20005421,Yishui Xian,沂水県（イスイケン）,True,,"['沂水県', 'イスイケン', '沂水']"
jp,20001285,Hedong Qu,河東区（ヘドンク）,True,,"['河東区', 'ヘドンク', '河東']"
jp,20005282,Yanggu Xian,陽穀県（ヤングケン）,True,,"['陽穀県', 'ヤングケン', '陽穀']"
jp,20005326,Yanzhou Shi,兖州市（エンジュウシ）,True,,"['兖州市', 'エンジュウシ', '兖州']"
jp,20004870,Wenchang Xian,文昌県（ブンショウケン）,True,,"['文昌県', 'ブンショウケン', '文昌']"
jp,20000740,Dongying,東營（ドンイン）,True,,"['東營', 'ドンイン']"
jp,20003697,Qihe Xian,齊河県（チーホーシェン）,True,,"['齊河県', 'チーホーシェン', '齊河']"
jp,20005296,Yangxin Xian,陽新県（ヤンシンケン）,True,,"['陽新県', 'ヤンシンケン', '陽新']"
jp,20005430,Yiyuan Xian,沂源県（イユアンケン）,True,,"['沂源県', 'イユアンケン', '沂源']"
jp,20005372,Yicheng Qu,宜城区（ギジョウク）,True,,"['宜城区', 'ギジョウク', '宜城']"
jp,20005196,Xuecheng Qu,薛城区（セツジョウク）,True,,"['薛城区', 'セツジョウク', '薛城']"
jp,20005321,Yantai,煙台（エンタイ）,True,,"['煙台', 'エンタイ']"
jp,20004873,Wendeng Shi,邯鄲市（ハンタンシ）,True,,"['邯鄲市', 'ハンタンシ', '邯鄲']"
jp,20000813,Fangzi Qu,方子区（ファンズィク）,True,,"['方子区', 'ファンズィク', '方子']"
jp,20004406,Tai'an,台安（タイアン）,True,,"['台安', 'タイアン']"
jp,20004429,Taishan Qu,泰山区（タイシャンク）,True,,"['泰山区', 'タイシャンク', '泰山']"
jp,20005144,Xintai Shi,新泰市（シンタイシ）,True,,"['新泰市', 'シンタイシ', '新泰']"
jp,20004932,Wulian Xian,五連県（ゴレンケン）,True,,"['五連県', 'ゴレンケン', '五連']"
jp,20005081,Xincheng Qu,新城区（シンショウク）,True,,"['新城区', 'シンショウク', '新城']"
jp,20005308,Yanliang Qu,閻良区（エンリャンク）,True,,"['閻良区', 'エンリャンク', '閻良']"
jp,20005320,Yanta Qu,雁塔区（ガンタク）,True,,"['雁塔区', 'ガンタク', '雁塔']"
jp,20005262,Yan'an,延安（エンアン）,True,,"['延安', 'エンアン']"
jp,20005268,Yanchang Xian,延長県（エンチョウケン）,True,,"['延長県', 'エンチョウケン', '延長']"
jp,20004941,Wuqi Xian,武旗県（ブキケン）,True,,"['武旗県', 'ブキケン', '武旗']"
jp,20000983,Ganquan Xian,甘泉県（ガンクワンシエン）,True,,"['甘泉県', 'ガンクワンシエン', '甘泉']"
jp,20000854,Fu Xian,富県（フーシエン）,True,,"['富県', 'フーシエン', '富']"
jp,20005377,Yichuan Xian,伊川県（イセンケン）,True,,"['伊川県', 'イセンケン', '伊川']"
jp,20005272,Yanchuan Xian,延川県（エンセンケン）,True,,"['延川県', 'エンセンケン', '延川']"
jp,20005286,Yangling Qu,陽陵区（ヤンリンク）,True,,"['陽陵区', 'ヤンリンク', '陽陵']"
jp,20005103,Xingping Shi,興平市（コウヘイシ）,True,,"['興平市', 'コウヘイシ', '興平']"
jp,20004857,Weinan,渭南市（イナンシ）,True,,"['渭南市', 'イナンシ', '渭南']"
jp,20000917,Fuping Xian,富平県（フーピンシエン）,True,,"['富平県', 'フーピンシエン', '富平']"
jp,20000585,Dali Xian,大荔県（ダーリーシエン）,True,,"['大荔県', 'ダーリーシエン', '大荔']"
jp,20000215,Baishui Xian,白水県（バイシュイシエン）,True,,"['白水県', 'バイシュイシエン', '白水']"
jp,20005386,Yijun Xian,義軍県（ギジュンケン）,True,,"['義軍県', 'ギジュンケン', '義軍']"
jp,20005418,Yintai Qu,銀台区（インタイク）,True,,"['銀台区', 'インタイク', '銀台']"
jp,20005332,Yaozhou Qu,耀州区（ヨウシュウク）,True,,"['耀州区', 'ヨウシュウク', '耀州']"
jp,20005182,Xixiang Xian,西香県（セイショウケン）,True,,"['西香県', 'セイショウケン', '西香']"
jp,20000852,Foping Xian,佛坪県（フォーピンシエン）,True,,"['佛坪県', 'フォーピンシエン', '佛坪']"
jp,20005275,Yang Xian,陽県（ヤンケン）,True,,"['陽県', 'ヤンケン', '陽']"
jp,20004847,Weibin Qu,渭滨区（イビンク）,True,,"['渭滨区', 'イビンク', '渭滨']"
jp,20004893,Wubu Xian,武部県（ブブケン）,True,,"['武部県', 'ブブケン', '武部']"
jp,20005124,Xining,西寧（セイネイ）,True,,"['西寧', 'セイネイ']"
jp,20001204,Haixi Mongol and Tibetan,海西蒙古族藏族自治州（ハイシモンゴルズーザンズーシーシュウ）,True,,"['海西蒙古族藏族自治州', 'ハイシモンゴルズーザンズーシーシュウ', '海西', 'ハイシ']"
jp,20004926,Wulan Xian,ウラン県（ウランケン）,True,,"['ウラン県', 'ウランケン', 'ウラン']"
jp,20000753,Dulan Xian,都蘭県（ドゥランシエン）,True,,"['都蘭県', 'ドゥランシエン', '都蘭']"
jp,20000652,Delingha Shi,徳令哈市（デーリンハシ）,True,,"['徳令哈市', 'デーリンハシ', '徳令哈']"
jp,20001200,Hainan Tibetan,海南チベット族自治州（ハイナンチベットぞくじちしゅう）,True,,"['海南チベット族自治州', 'ハイナンチベットぞくじちしゅう', '海南', 'ハイナン']"
jp,20005095,Xinghai Xian,興海県（コウカイケン）,True,,"['興海県', 'コウカイケン', '興海']"
jp,20001051,Gonghe Xian,共和県（ゴンヘシエン）,True,,"['共和県', 'ゴンヘシエン', '共和']"
jp,20005200,Xunhua Xian,循化県（ジュンカケン）,True,,"['循化県', 'ジュンカケン', '循化']"
jp,20001206,Haiyan Xian,海鹽県（ハイヤンシエン）,True,,"['海鹽県', 'ハイヤンシエン', '海鹽']"
jp,20005395,Yinchuan,銀川（インチュアン）,True,,"['銀川', 'インチュアン']"
jp,20005104,Xingqing Qu,興慶区（コウケイク）,True,,"['興慶区', 'コウケイク', '興慶']"
jp,20005180,Xixia Qu,西夏区（セイカク）,True,,"['西夏区', 'セイカク', '西夏']"
jp,20005271,Yanchi Xian,鹽池県（エンチケン）,True,,"['鹽池県', 'エンチケン', '鹽池']"
jp,20005064,Xiji Xian,西吉県（セイキケン）,True,,"['西吉県', 'セイキケン', '西吉']"
jp,20005365,Yi Xian,宜県（イケン）,True,,"['宜県', 'イケン', '宜']"
jp,20005170,Xiuning Xian,休寧県（キュウニンケン）,True,,"['休寧県', 'キュウニンケン', '休寧']"
jp,20000818,Feixi Xian,肥西県（フェイシエン）,True,,"['肥西県', 'フェイシエン', '肥西']"
jp,20005330,Yaohai Qu,耀海区（ヤオハイク）,True,,"['耀海区', 'ヤオハイク', '耀海']"
jp,20004413,Taihe Xian,泰和県（タイホーシェン）,True,,"['泰和県', 'タイホーシェン', '泰和']"
jp,20005400,Yingdong Qu,英東区（エイドンク）,True,,"['英東区', 'エイドンク', '英東']"
jp,20005409,Yingshang Xian,英上県（エイジョウケン）,True,,"['英上県', 'エイジョウケン', '英上']"
jp,20005413,Yingzhou Qu,瀛州区（エイシュウク）,True,,"['瀛州区', 'エイシュウク', '瀛州']"
jp,20002640,Lixin Xian,利新県（リーシンシン）,True,,"['利新県', 'リーシンシン', '利新']"
jp,20004914,Wuhe Xian,武河県（ブカケン）,True,,"['武河県', 'ブカケン', '武河']"
jp,20004364,Susong Xian,宿松県（スーソンシェン）,True,,"['宿松県', 'スーソンシェン', '宿松']"
jp,20005401,Yingjiang Qu,盈江区（エイコウク）,True,,"['盈江区', 'エイコウク', '盈江']"
jp,20005426,Yixiu Qu,宜秀区（ギシュウク）,True,,"['宜秀区', 'ギシュウク', '宜秀']"
jp,20005186,Xuancheng,宣城（センショウ）,True,,"['宣城', 'センショウ']"
jp,20005193,Xuanzhou Qu,宣州区（センシュウク）,True,,"['宣州区', 'センシュウク', '宣州']"
jp,20005031,Xiao Xian,蕭県（シャオシャンケン）,True,,"['蕭県', 'シャオシャンケン', '蕭']"
jp,20001250,Hanshan Xian,寒山県（ハンシャンシエン）,True,,"['寒山県', 'ハンシャンシエン', '寒山']"
jp,20002691,Lu'an,六安（ルアン）,True,,"['六安', 'ルアン']"
jp,20001677,Inner Mongolia,内モンゴル自治区（ナイモンゴルジチク）,True,,"['内モンゴル自治区', 'ナイモンゴルジチク', 'ナイモンゴル', '内モンゴル']"
jp,20005096,Xinghe Xian,興和県（コウカケン）,True,,"['興和県', 'コウカケン', '興和']"
jp,20004948,Wushen Qi,武深旗（ブシンキ）,True,,"['武深旗', 'ブシンキ']"
jp,20005385,Yijinhuoluo Qi,伊金霍洛旗（イジンホルオロチ）,True,,"['伊金霍洛旗', 'イジンホルオロチ']"
jp,20005074,Xinba'erhu You Qi,新巴爾虎右旗（シンバルフユウヒ）,True,,"['新巴爾虎右旗', 'シンバルフユウヒ']"
jp,20005075,Xinba'erhu Zuo Qi,新巴爾虎左旗（シンバルフザヒ）,True,,"['新巴爾虎左旗', 'シンバルフザヒ']"
jp,20005229,Yakeshi Shi,牙克石市（ガケシシ）,True,,"['牙克石市', 'ガケシシ', '牙克石']"
jp,20005080,Xincheng Qu,新城区（シンショウク）,True,,"['新城区', 'シンショウク', '新城']"
jp,20000654,Dengkou Xian,燈口県（ドンコウシエン）,True,,"['燈口県', 'ドンコウシエン', '燈口']"
jp,20001142,Guyang Xian,古陽県（グヤンシエン）,True,,"['古陽県', 'グヤンシエン', '古陽']"
jp,20000775,Ejina Qi,額濟納旗（エジナチ）,True,,"['額濟納旗', 'エジナチ']"
jp,20000072,Alashan Zuo Qi,阿拉善左旗（アラシャンズオチ）,True,,"['阿拉善左旗', 'アラシャンズオチ']"
jp,20005089,Xing'an Meng,兴安盟（コウアンメイ）,True,,"['兴安盟', 'コウアンメイ']"
jp,20005068,Xilinguole Meng,錫林郭勒盟（セキリンカクロモウ）,True,,"['錫林郭勒盟', 'セキリンカクロモウ']"
jp,20004354,Sunite Zuo Qi,蘇尼特左旗（スーニテツオチ）,True,,"['蘇尼特左旗', 'スーニテツオチ']"
jp,20000757,Duolun Xian,多倫県（ドゥオルンシエン）,True,,"['多倫県', 'ドゥオルンシエン', '多倫']"
jp,20005069,Xilinhaote Shi,錫林浩特市（セキリンコウトシ）,True,,"['錫林浩特市', 'セキリンコウトシ', '錫林浩特']"
jp,20005366,Yi Xian,宜県（イケン）,True,,"['宜県', 'イケン', '宜']"
jp,20000279,Beizhen Shi,北鎮市（ベイジェンシ）,True,,"['北鎮市', 'ベイジェンシ', '北鎮']"
jp,20005093,Xingcheng Shi,兴城市（コウジンシ）,True,,"['兴城市', 'コウジンシ', '兴城']"
jp,20004336,Suizhong Xian,遂中県（スイチョンシェン）,True,,"['遂中県', 'スイチョンシェン', '遂中']"
jp,20000942,Fuxin Mengguzu Zizhixian,阜新蒙古族自治県（フーシンモンゴヅ自治県）,True,,"['阜新蒙古族自治県', 'フーシンモンゴヅ自治県', '阜新', 'フーシン']"
jp,20005139,Xinqiu Qu,新邱区（シンチウク）,True,,"['新邱区', 'シンチウク', '新邱']"
jp,20005058,Xihe Qu,西河区（シゴクク）,True,,"['西河区', 'シゴクク', '西河']"
jp,20005055,Xigang Qu,西崗区（シーガンク）,True,,"['西崗区', 'シーガンク', '西崗']"
jp,20000418,Chaoyang,朝陽（チャオヤン）,True,,"['朝陽', 'チャオヤン']"
jp,20000275,Beipiao Shi,北票市（ベイピャオシ）,True,,"['北票市', 'ベイピャオシ', '北票']"
jp,20005060,Xihu Qu,西湖区（セイコク）,True,,"['西湖区', 'セイコク', '西湖']"
jp,20005420,Yinzhou Qu,鄞州区（インジョウク）,True,,"['鄞州区', 'インジョウク', '鄞州']"
jp,20005054,Xifeng Xian,西豐県（セイホウケン）,True,,"['西豐県', 'セイホウケン', '西豐']"
jp,20004073,Shenyang,瀋陽（シェンヤン）,True,,"['瀋陽', 'シェンヤン']"
jp,20005134,Xinmin Shi,新民市（シンミンシ）,True,,"['新民市', 'シンミンシ', '新民']"
jp,20005100,Xinglongtai Qu,興隆台区（コウリョウタイク）,True,,"['興隆台区', 'コウリョウタイク', '興隆台']"
jp,20001048,Gongchangling Qu,公長嶺区（ゴンチャンリンク）,True,,"['公長嶺区', 'ゴンチャンリンク', '公長嶺']"
jp,20004883,Wensheng Qu,文生区（ブンセイク）,True,,"['文生区', 'ブンセイク', '文生']"
jp,20005405,Yingkou,營口（エイコウ）,True,,"['營口', 'エイコウ']"
jp,20000617,Dashiqiao Shi,大石橋市（ダーシーキャオシ）,True,,"['大石橋市', 'ダーシーキャオシ', '大石橋']"
jp,20005166,Xishi Qu,西市区（セイシク）,True,,"['西市区', 'セイシク', '西市']"
jp,20005266,Yanbian Korean,延邊朝鮮族自治州（エンベンチョウセンゾクジチュウシュウ）,True,,"['延邊朝鮮族自治州', 'エンベンチョウセンゾクジチュウシュウ', '延邊', 'エンベン']"
jp,20005304,Yanji Shi,延吉市（エンキシ）,True,,"['延吉市', 'エンキシ', '延吉']"
jp,20004304,Songyuan,松原（ソンユアン）,True,,"['松原', 'ソンユアン']"
jp,20000948,Fuyu Xian,富裕県（フーユーシエン）,True,,"['富裕県', 'フーユーシエン', '富裕']"
jp,20001061,Gongzhuling Shi,公主嶺市（ゴンジュリンシ）,True,,"['公主嶺市', 'ゴンジュリンシ', '公主嶺']"
jp,20000368,Changchun,長春（チャンチュン）,True,,"['長春', 'チャンチュン']"
jp,20000214,Baishan,白山（バイシャン）,True,,"['白山', 'バイシャン']"
jp,20004661,Tongyu Xian,同余（同梁）,True,,"['同余', '同梁']"
jp,20005154,Xinyu,新余（シンユ）,True,,"['新余', 'シンユ']"
jp,20000850,Fenyi Xian,分宜県（フェンイーシエン）,True,,"['分宜県', 'フェンイーシエン', '分宜']"
jp,20005428,Yiyang Xian,宜陽県（ギヨウケン）,True,,"['宜陽県', 'ギヨウケン', '宜陽']"
jp,20005316,Yanshan Xian,鹽山県（エンサンケン）,True,,"['鹽山県', 'エンサンケン', '鹽山']"
jp,20005157,Xinzhou Qu,新洲区（シンシュウク）,True,,"['新洲区', 'シンシュウク', '新洲']"
jp,20000131,Anyuan Qu,安源区（アンユアンク）,True,,"['安源区', 'アンユアンク', '安源']"
jp,20005126,Xinjian Xian,新建県（シンジャンケン）,True,,"['新建県', 'シンジャンケン', '新建']"
jp,20005062,Xihu Qu,西湖区（セイコク）,True,,"['西湖区', 'セイコク', '西湖']"
jp,20005115,Xingzi Xian,星子县（セイシケン）,True,,"['星子县', 'セイシケン']"
jp,20000748,Duchang Xian,杜昌県（ドゥチャンシエン）,True,,"['杜昌県', 'ドゥチャンシエン', '杜昌']"
jp,20005172,Xiushui Xian,修水県（シュウスイケン）,True,,"['修水県', 'シュウスイケン', '修水']"
jp,20001057,Gongqingcheng,共青城（ゴンチンチェン）,True,,"['共青城', 'ゴンチンチェン']"
jp,20004414,Taihe Xian,泰和県（タイホーシェン）,True,,"['泰和県', 'タイホーシェン', '泰和']"
jp,20004321,Suichuan Xian,遂川県（スイチュアンシェン）,True,,"['遂川県', 'スイチュアンシェン', '遂川']"
jp,20005073,Xin'gan Xian,新幹県（シンガンケン）,True,,"['新幹県', 'シンガンケン', '新幹']"
jp,20005202,Xunwu Xian,循化県（ジュンカケン）,True,,"['循化県', 'ジュンカケン', '循化']"
jp,20005094,Xingguo Xian,興国県（コウコクケン）,True,,"['興国県', 'コウコクケン', '興国']"
jp,20005084,Xinfeng Xian,新丰县（シンホウケン）,True,,"['新丰县', 'シンホウケン']"
jp,20005383,Yihuang Xian,宜黄県（ギコウケン）,True,,"['宜黄県', 'ギコウケン', '宜黄']"
jp,20005411,Yingtan,鷹潭（インタン）,True,,"['鷹潭', 'インタン']"
jp,20005380,Yichun,宜春（ギチュン）,True,,"['宜春', 'ギチュン']"
jp,20005382,Yifeng Xian,宜豊県（ギホウケン）,True,,"['宜豊県', 'ギホウケン', '宜豊']"
jp,20005097,Xinghua Shi,兴化市（コウカシ）,True,,"['兴化市', 'コウカシ', '兴化']"
jp,20000994,Gaogang Qu,高港区（ガオガンク）,True,,"['高港区', 'ガオガンク', '高港']"
jp,20004923,Wujiang Shi,武江市（ブコウシ）,True,,"['武江市', 'ブコウシ', '武江']"
jp,20004376,Suyu Qu,蘇榆区（スーユーグ）,True,,"['蘇榆区', 'スーユーグ', '蘇榆']"
jp,20004270,Shuyang Xian,沭陽県（シューヤンシエン）,True,,"['沭陽県', 'シューヤンシエン', '沭陽']"
jp,20001807,Jiangning Qu,江寧区（ジャンニンク）,True,,"['江寧区', 'ジャンニンク', '江寧']"
jp,20000217,Baixia Qu,白下区（バイシャク）,True,,"['白下区', 'バイシャク', '白下']"
jp,20001129,Gulou Qu,鼓楼区（グロク）,True,,"['鼓楼区', 'グロク', '鼓楼']"
jp,20005191,Xuanwu Qu,宣武区（センブク）,True,,"['宣武区', 'センブク', '宣武']"
jp,20000713,Donghai Xian,東海県（ドンハイシエン）,True,,"['東海県', 'ドンハイシエン', '東海']"
jp,20005137,Xinpu Qu,新浦区（シンプク）,True,,"['新浦区', 'シンプク', '新浦']"
jp,20005209,Xuyi Xian,盱眙県（キョユケン）,True,,"['盱眙県', 'キョユケン', '盱眙']"
jp,20000408,Changzhou,常州（ジョウシュウ）,True,,"['常州', 'ジョウシュウ']"
jp,20005076,Xinbei Qu,新北区（シンベイク）,True,,"['新北区', 'シンベイク', '新北']"
jp,20005300,Yangzhong Shi,揚中市（ヤンジョンシ）,True,,"['揚中市', 'ヤンジョンシ', '揚中']"
jp,20005301,Yangzhou,揚州（ヤンジョウ）,True,,"['揚州', 'ヤンジョウ']"
jp,20005432,Yizheng Shi,宜正市（ギセイシ）,True,,"['宜正市', 'ギセイシ', '宜正']"
jp,20001245,Hanjiang Qu,漢江区（ハンジャンク）,True,,"['漢江区', 'ハンジャンク', '漢江']"
jp,20005270,Yancheng,鹽城（エンチョウ）,True,,"['鹽城', 'エンチョウ']"
jp,20005273,Yandu Qu,鹽都区（エントク）,True,,"['鹽都区', 'エントク', '鹽都']"
jp,20000297,Binhai Xian,滨海県（ビンハイシエン）,True,,"['滨海県', 'ビンハイシエン', '滨海']"
jp,20005211,Xuzhou,徐州（ジョシュウ）,True,,"['徐州', 'ジョシュウ']"
jp,20005153,Xinyi Shi,新野市（シンインシ）,True,,"['新野市', 'シンインシ', '新野']"
jp,20004328,Suining Xian,遂寧県（スーニンシェン）,True,,"['遂寧県', 'スーニンシェン', '遂寧']"
jp,20001130,Gulou Qu,鼓楼区（グロク）,True,,"['鼓楼区', 'グロク', '鼓楼']"
jp,20000545,Cili Xian,慈利県（ツーリシン）,True,,"['慈利県', 'ツーリシン', '慈利']"
jp,20004327,Suining Xian,遂寧県（スーニンシェン）,True,,"['遂寧県', 'スーニンシェン', '遂寧']"
jp,20000717,Dongkou Xian,東口県（ドンコウシエン）,True,,"['東口県', 'ドンコウシエン', '東口']"
jp,20005141,Xinshao Xian,新邵県（シンシャオケン）,True,,"['新邵県', 'シンシャオケン', '新邵']"
jp,20005135,Xinning Xian,新寧県（シンニンケン）,True,,"['新寧県', 'シンニンケン', '新寧']"
jp,20005122,Xinhuang Dongzu Zizhixian,新晃侗族自治県（シンコウトウズジチケン）,True,,"['新晃侗族自治県', 'シンコウトウズジチケン', 'シンコウ', '新晃']"
jp,20005206,Xupu Xian,溆浦県（キョホケン）,True,,"['溆浦県', 'キョホケン', '溆浦']"
jp,20005274,Yanfeng Qu,雁峯区（エンフォンク）,True,,"['雁峯区', 'エンフォンク', '雁峯']"
jp,20005431,Yizhang Xian,宜章県（ギチャンケン）,True,,"['宜章県', 'ギチャンケン', '宜章']"
jp,20000115,Anren Xian,安仁県（アンレンシエン）,True,,"['安仁県', 'アンレンシエン', '安仁']"
jp,20005481,Yongxing Xian,永興県（ヨンシンシェン）,True,,"['永興県', 'ヨンシンシェン', '永興']"
jp,20000391,Changsha,長沙（チャンシャ）,True,,"['長沙', 'チャンシャ']"
jp,20005310,Yanling Xian,雁嶺県（エンリンケン）,True,,"['雁嶺県', 'エンリンケン', '雁嶺']"
jp,20005482,Yongzhou,永州（ヨンジョウ）,True,,"['永州', 'ヨンジョウ']"
jp,20005145,Xintian Xian,新田県（シンテンケン）,True,,"['新田県', 'シンテンケン', '新田']"
jp,20005429,Yiyang,益陽（イーヤン）,True,,"['益陽', 'イーヤン']"
jp,20004913,Wuhan,武漢（ブハン）,True,,"['武漢', 'ブハン']"
jp,20005158,Xinzhou Qu,新洲区（シンシュウク）,True,,"['新洲区', 'シンシュウク', '新洲']"
jp,20005297,Yangxin Xian,陽新県（ヤンシンケン）,True,,"['陽新県', 'ヤンシンケン', '陽新']"
jp,20005163,Xisaishan Qu,西塞山区（シーサイシャンク）,True,,"['西塞山区', 'シーサイシャンク', '西塞山']"
jp,20005407,Yingshan Xian,英山県（エイサンケン）,True,,"['英山県', 'エイサンケン', '英山']"
jp,20005168,Xishui Xian,浠水県（シスイケン）,True,,"['浠水県', 'シスイケン', '浠水']"
jp,20000768,Echeng Qu,鄂城区（エーチョンチュ）,True,,"['鄂城区', 'エーチョンチュ', '鄂城']"
jp,20005368,Xuan'en Xian,宣恩県（センオンケン）,True,,"['宣恩県', 'センオンケン', '宣恩']"
jp,20005371,Yichang,宜昌（ギチャン）,True,,"['宜昌', 'ギチャン']"
jp,20005390,Yiling Qu,夷陵区（イリンク）,True,,"['夷陵区', 'イリンク', '夷陵']"
jp,20005381,Yidu Shi,宜都市（ギドシ）,True,,"['宜都市', 'ギドシ', '宜都']"
jp,20005107,Xingshan Xian,兴山県（コウサンケン）,True,,"['兴山県', 'コウサンケン', '兴山']"
jp,20004908,Wufeng Tujiazu Zizhixian,武峰土家族自治区（ブホウトウカゾクジチク）,True,,"['武峰土家族自治区', 'ブホウトウカゾクジチク', 'ブホウ', '武峰']"
jp,20005067,Xiling Qu,西陵区（セイリョウク）,True,,"['西陵区', 'セイリョウク', '西陵']"
jp,20005039,Xiaoting Qu,蕭亭区（シャオテイク）,True,,"['蕭亭区', 'シャオテイク', '蕭亭']"
jp,20004921,Wujiagang Qu,武家港区（ブカコウク）,True,,"['武家港区', 'ブカコウク', '武家港']"
jp,20005034,Xiaogan,孝感（コウカン）,True,,"['孝感', 'コウカン']"
jp,20005398,Yingcheng Shi,英城市（エイセイシ）,True,,"['英城市', 'エイセイシ', '英城']"
jp,20000108,Anlu Shi,安陸市（アンルシ）,True,,"['安陸市', 'アンルシ', '安陸']"
jp,20005037,Xiaonan Qu,小南区（シャオナンク）,True,,"['小南区', 'シャオナンク', '小南']"
jp,20005374,Yicheng Shi,宜城市（ギチョウシ）,True,,"['宜城市', 'ギチョウシ', '宜城']"
jp,20003259,Nanzhang Xian,南漳県（ナンチャンシェン）,True,,"['南漳県', 'ナンチャンシェン', '南漳']"
jp,20001110,Gucheng Xian,固城県（グチョンシエン）,True,,"['固城県', 'グチョンシエン', '固城']"
jp,20005023,Xiangzhou Qu,香洲区（コウシュウク）,True,,"['香洲区', 'コウシュウク', '香洲']"
jp,20004338,Suizhou,遂州（スイジョウ）,True,,"['遂州', 'スイジョウ']"
jp,20001095,Guangshui Shi,広水市（グァンシュイシ）,True,,"['広水市', 'グァンシュイシ', '広水']"
jp,20004337,Suizhou Xian,隨州県（スイジョウシェン）,True,,"['隨州県', 'スイジョウシェン', '隨州']"
jp,20005376,Yichuan Xian,伊川県（イセンケン）,True,,"['伊川県', 'イセンケン', '伊川']"
jp,20005318,Yanshi Shi,偃師市（エンシシ）,True,,"['偃師市', 'エンシシ', '偃師']"
jp,20005072,Xin'an Xian,新安県（シンアンケン）,True,,"['新安県', 'シンアンケン', '新安']"
jp,20005427,Yiyang Xian,宜陽県（ギヨウケン）,True,,"['宜陽県', 'ギヨウケン', '宜陽']"
jp,20005192,Xuanyang Xian,宣陽県（センヨウケン）,True,,"['宣陽県', 'センヨウケン', '宣陽']"
jp,20005345,Ye Xian,業県（イエンケン）,True,,"['業県', 'イエンケン', '業']"
jp,20000237,Baofeng Xian,寶豐県（バオフォンシエン）,True,,"['寶豐県', 'バオフォンシエン', '寶豐']"
jp,20005181,Xixia Xian,西峡県（セイキョウケン）,True,,"['西峡県', 'セイキョウケン', '西峡']"
jp,20005151,Xinye Xian,新野県（シンヤケン）,True,,"['新野県', 'シンヤケン', '新野']"
jp,20005048,Xichuan Xian,淅川県（セキセンケン）,True,,"['淅川県', 'セキセンケン', '淅川']"
jp,20005269,Yancheng Qu,鹽城区（エンジョウク）,True,,"['鹽城区', 'エンジョウク', '鹽城']"
jp,20001128,Gulou Qu,鼓楼区（グロク）,True,,"['鼓楼区', 'グロク', '鼓楼']"
jp,20001930,Jinming Qu,金明区（ジンミンク）,True,,"['金明区', 'ジンミンク', '金明']"
jp,20005174,Xiuwu Xian,修武県（シュウブケン）,True,,"['修武県', 'シュウブケン', '修武']"
jp,20004971,Wuzhi Xian,武治県（ブチケン）,True,,"['武治県', 'ブチケン', '武治']"
jp,20005198,Jun Xian,莒県（キョケン）,True,,"['莒県', 'キョケン', '莒']"
jp,20000129,Anyang,安陽市（アニャンシ）,True,,"['安陽市', 'アニャンシ', '安陽']"
jp,20003283,Neihuang Xian,内黄県（ネイファンシェン）,True,,"['内黄県', 'ネイファンシェン', '内黄']"
jp,20000128,Anyang Xian,安陽県（アンヤンシエン）,True,,"['安陽県', 'アンヤンシエン', '安陽']"
jp,20005396,Yindu Qu,陰都区（インドク）,True,,"['陰都区', 'インドク', '陰都']"
jp,20005161,Xiping Xian,西平県（セイヘイケン）,True,,"['西平県', 'セイヘイケン', '西平']"
jp,20005373,Yicheng Qu,宜城区（ギジョウク）,True,,"['宜城区', 'ギジョウク', '宜城']"
jp,20005063,Xihua Xian,西華県（セイカケン）,True,,"['西華県', 'セイカケン', '西華']"
jp,20004419,Taikang Xian,太康県（タイカンシェン）,True,,"['太康県', 'タイカンシェン', '太康']"
jp,20005195,Xuchang,許昌（キョショウ）,True,,"['許昌', 'キョショウ']"
jp,20005309,Yanling Xian,雁嶺県（エンリンケン）,True,,"['雁嶺県', 'エンリンケン', '雁嶺']"
jp,20005194,Xuchang Xian,許昌県（キョショウケン）,True,,"['許昌県', 'キョショウケン', '許昌']"
jp,20005150,Xinyang,信陽（シンヨウ）,True,,"['信陽', 'シンヨウ']"
jp,20005147,Xinxiang,新乡（シンシャン）,True,,"['新乡', 'シンシャン']"
jp,20005307,Yanjing Xian,燕京県（エンキョウケン）,True,,"['燕京県', 'エンキョウケン', '燕京']"
jp,20005146,Xinxiang Xian,新乡県（シンシャンケン）,True,,"['新乡県', 'シンシャンケン', '新乡']"
jp,20004848,Weibin Qu,渭滨区（イビンク）,True,,"['渭滨区', 'イビンク', '渭滨']"
jp,20005043,Xiayi Xian,夏邑県（カイケン）,True,,"['夏邑県', 'カイケン', '夏邑']"
jp,20000947,Fuyu Xian,富裕県（フーユーシエン）,True,,"['富裕県', 'フーユーシエン', '富裕']"
jp,20005367,Yi'an Xian,伊安県（イアンシン）,True,,"['伊安県', 'イアンシン', '伊安']"
jp,20000904,Fulaerji Qu,富拉尔基区（フラエルジキュウ）,True,,"['富拉尔基区', 'フラエルジキュウ', '富拉尔基']"
jp,20002671,Longsha Qu,龍沙区（ロンシャク）,True,,"['龍沙区', 'ロンシャク', '龍沙']"
jp,20000723,Dongning Xian,東寧県（ドンニンシエン）,True,,"['東寧県', 'ドンニンシエン', '東寧']"
jp,20000031,Aimin Qu,愛民区（アイミンク）,True,,"['愛民区', 'アイミンク', '愛民']"
jp,20005287,Yangming Qu,陽明区（ヤンミンク）,True,,"['陽明区', 'ヤンミンク', '陽明']"
jp,20005201,Xunke Xian,尋烏県（ジンウケン）,True,,"['尋烏県', 'ジンウケン', '尋烏']"
jp,20004902,Wudalianchi Shi,烏達連池市（ウダレンチシ）,True,,"['烏達連池市', 'ウダレンチシ', '烏達連池']"
jp,20005090,Xing'an Qu,興安区（コウアンク）,True,,"['興安区', 'コウアンク', '興安']"
jp,20005106,Xingshan Qu,兴山区（コウサンク）,True,,"['兴山区', 'コウサンク', '兴山']"
jp,20005319,Yanshou Xian,鹽壽県（エンショウケン）,True,,"['鹽壽県', 'エンショウケン', '鹽壽']"
jp,20000812,Fangzheng Xian,方正県（ファンジェンシエン）,True,,"['方正県', 'ファンジェンシエン', '方正']"
jp,20000255,Bayan Xian,巴彦県（バヤンシエン）,True,,"['巴彦県', 'バヤンシエン', '巴彦']"
jp,20005387,Yilan Xian,宜蘭県（ギランケン）,True,,"['宜蘭県', 'ギランケン', '宜蘭']"
jp,20004895,Wuchang Shi,武昌市（ブショウシ）,True,,"['武昌市', 'ブショウシ', '武昌']"
jp,20000611,Daoli Qu,道里区（ダオリーキュウ）,True,,"['道里区', 'ダオリーキュウ', '道里']"
jp,20005379,Yichun,宜春（ギチュン）,True,,"['宜春', 'ギチュン']"
jp,20005378,Yichun Qu,宜春区（ギチュンク）,True,,"['宜春区', 'ギチュンク', '宜春']"
jp,20005138,Xinqing Qu,新青区（シンチンク）,True,,"['新青区', 'シンチンク', '新青']"
jp,20005065,Xilin Qu,西林区（セイリンク）,True,,"['西林区', 'セイリンク', '西林']"
jp,20005508,Youyi Xian,友誼県（ヨウイシェン）,True,,"['友誼県', 'ヨウイシェン', '友誼']"
jp,20005148,Xinxing Qu,新興区（シンシンク）,True,,"['新興区', 'シンシンク', '新興']"
jp,20000833,Fengnan Qu,豊南区（フォンナンチュ）,True,,"['豊南区', 'フォンナンチュ', '豊南']"
jp,20004108,Shijiazhuang,石家庄（シージャジュアン）,True,,"['石家庄', 'シージャジュアン']"
jp,20000992,Gaocheng Shi,高城市（ガオチョンシ）,True,,"['高城市', 'ガオチョンシ', '高城']"
jp,20005130,Xinle Shi,新樂市（シンラクシ）,True,,"['新樂市', 'シンラクシ', '新樂']"
jp,20005110,Xingtang Xian,行唐県（コウドウケン）,True,,"['行唐県', 'コウドウケン', '行唐']"
jp,20001076,Gu'an Xian,固安県（グアンシエン）,True,,"['固安県', 'グアンシエン', '固安']"
jp,20000261,Bazhou Shi,霸州市（バージョウシ）,True,,"['霸州市', 'バージョウシ', '霸州']"
jp,20004943,Wuqiang Xian,武強県（ブキョウケン）,True,,"['武強県', 'ブキョウケン', '武強']"
jp,20001109,Gucheng Xian,固城県（グチョンシエン）,True,,"['固城県', 'グチョンシエン', '固城']"
jp,20000856,Fucheng Xian,阜城県（フーチョンシエン）,True,,"['阜城県', 'フーチョンシエン', '阜城']"
jp,20004892,Wu'an Shi,武安市（ブアンシ）,True,,"['武安市', 'ブアンシ', '武安']"
jp,20000944,Fuxing Qu,福興区（フーシンク）,True,,"['福興区', 'フーシンク', '福興']"
jp,20001249,Hanshan Qu,寒山区（ハンシャンク）,True,,"['寒山区', 'ハンシャンク', '寒山']"
jp,20005099,Xinglong Xian,興隆県（コウリョウケン）,True,,"['興隆県', 'コウリョウケン', '興隆']"
jp,20000711,Dongguang Xian,東光県（ドングアンシエン）,True,,"['東光県', 'ドングアンシエン', '東光']"
jp,20005315,Yanshan Xian,鹽山県（エンサンケン）,True,,"['鹽山県', 'エンサンケン', '鹽山']"
jp,20001004,Gaoyang Xian,高陽県（ガオヤンシエン）,True,,"['高陽県', 'ガオヤンシエン', '高陽']"
jp,20000916,Fuping Xian,富平県（フーピンシエン）,True,,"['富平県', 'フーピンシエン', '富平']"
jp,20005364,Yi Xian,宜県（イケン）,True,,"['宜県', 'イケン', '宜']"
jp,20005207,Xushui Xian,徐水県（ジョスイケン）,True,,"['徐水県', 'ジョスイケン', '徐水']"
jp,20005160,Xiong Xian,雄県（ユウケン）,True,,"['雄県', 'ユウケン', '雄']"
jp,20005142,Xinshi Qu,新市区（シンシク）,True,,"['新市区', 'シンシク', '新市']"
jp,20005189,Xuanhua Xian,宣化県（センカケン）,True,,"['宣化県', 'センカケン', '宣化']"
jp,20005299,Yangyuan Xian,陽原県（ヤンユアンケン）,True,,"['陽原県', 'ヤンユアンケン', '陽原']"
jp,20005188,Xuanhua Qu,宣化区（センカク）,True,,"['宣化区', 'センカク', '宣化']"
jp,20005109,Xingtai,邢台（ジンタイ）,True,,"['邢台', 'ジンタイ']"
jp,20001101,Guangzong Xian,廣宗県（グァンゾンシエン）,True,,"['廣宗県', 'グァンゾンシエン', '廣宗']"
jp,20000218,Baixiang Xian,白象県（バイシャンシエン）,True,,"['白象県', 'バイシャンシエン', '白象']"
jp,20005117,Xinhe Xian,新河県（シンホウケン）,True,,"['新河県', 'シンホウケン', '新河']"
jp,20005108,Xingtai Xian,邢台県（ジンタイケン）,True,,"['邢台県', 'ジンタイケン', '邢台']"
jp,30019316,Datong,大同（ダートン）,True,,"['大同', 'ダートン']"
jp,30019152,Datong,大同（ダートン）,True,,"['大同', 'ダートン']"
jp,30019116,Baoshan,宝山（ボウシャン）,True,,"['宝山', 'ボウシャン']"
jp,30017014,Tai'an,台安（タイアン）,True,,"['台安', 'タイアン']"
jp,30018941,Yancheng,鹽城（エンチョウ）,True,,"['鹽城', 'エンチョウ']"
jp,20000527,Chungcheongbuk-do,忠北(チュンブク),True,,"['忠北', 'チュンブク']"
jp,20005355,Yeongdong-gun,永東(ヨンドン),True,,"['永東', 'ヨンドン']"
jp,20003478,Okcheon-gun,沃川（オッチョン）,True,,"['沃川', 'オッチョン']"
jp,20001878,Jincheon-gun,辰川(ジンチョン),True,,"['辰川', 'ジンチョン']"
jp,20001766,Jeungpyeong-gun,チュンピョン(증평),True,,"['チュンピョン', '증평']"
jp,20001757,Jecheon-si,チェジュン(ジェチョン),True,,"['チェジュン', 'ジェチョン']"
jp,20001037,Goesan-gun,御山(ゴサン),True,,"['御山', 'ゴサン']"
jp,20000605,Danyang-gun,丹陽(ダニャン),True,,"['丹陽', 'ダニャン']"
jp,20000528,Chungju-si,忠州(チュンジュ),True,,"['忠州', 'チュンジュ']"
jp,20001759,Jeju Island,済州島(チェジュ島),True,,"['済州島', 'チェジュ島', '済州', 'チェジュ']"
jp,20003977,Seogwipo-si,西帰浦(ソギポ),True,,"['西帰浦', 'ソギポ']"
jp,20001758,Jeju-si,済州島市(チェジュシ),True,,"['済州島市', 'チェジュシ', '済州島']"
jp,20005359,Yeongyang-gun,榮陽(ヨンヤン),True,,"['榮陽', 'ヨンヤン']"
jp,20005357,Yeongju-si,榮州(ヨンジュ),True,,"['榮州', 'ヨンジュ']"
jp,20005351,Yeongcheon-si,永川(ヨンチョン),True,,"['永川', 'ヨンチョン']"
jp,20005347,Yecheon-gun,イェチョン(예천),True,,"['イェチョン', '예천']"
jp,20004773,Ulleung-gun,ウルルン(ウルルン),True,,"['ウルルン', 'ウルルン']"
jp,20003981,Seongju-gun,星州(ソンジュ),True,,"['星州', 'ソンジュ']"
jp,20003912,Sangju-si,桑州(サンジュ),True,,"['桑州', 'サンジュ']"
jp,20003087,Mungyeong-si,ムンギョン(夢境),True,,"['ムンギョン', '夢境']"
jp,20001160,Gyeongsan-si,慶尚市(キョンサン),True,,"['慶尚市', 'キョンサン', '慶尚']"
jp,20001158,Gyeongju-si,慶州（キョンジュ）,True,,"['慶州', 'キョンジュ']"
jp,20001063,Goryeong-gun,高霊(コリョン),True,,"['高霊', 'コリョン']"
jp,20001027,Gimcheon-si,ギムチョン(キムチョン),True,,"['ギムチョン', 'キムチョン']"
jp,20000463,Cheongsong-gun,青松（チョンソン）,True,,"['青松', 'チョンソン']"
jp,20000460,Cheongdo-gun,靑潭（チョンド）,True,,"['靑潭', 'チョンド']"
jp,20000315,Bonghwa-gun,奉化 (ポンファ),True,,"['奉化', 'ポンファ']"
jp,20000095,Andong-si,安東（アンドン）,True,,"['安東', 'アンドン']"
jp,20001157,Gyeonggi,京畿(キョンギ),True,,"['京畿', 'キョンギ']"
jp,20004275,Siheung-si,始興（シフン）,True,,"['始興', 'シフン']"
jp,20003636,Pocheon-si,ポチョン (ポチョン),True,,"['ポチョン', 'ポチョン']"
jp,20000704,Dongducheon-si,東豆川(トンドゥチョン),True,,"['東豆川', 'トンドゥチョン']"
jp,20005349,Yeoncheon-gun,延川(ヨンチョン),True,,"['延川', 'ヨンチョン']"
jp,20005348,Yeoju-si,八角(ヨジュ),True,,"['八角', 'ヨジュ']"
jp,20005285,Yangju-si,楊州(ヤンジュ),True,,"['楊州', 'ヤンジュ']"
jp,20004761,Uijeongbu-si,議政府(ウィジョンブ),True,,"['議政府', 'ウィジョンブ']"
jp,20003662,Pyeongtaek-si,平沢(ピョンテク),True,,"['平沢', 'ピョンテク']"
jp,20003200,Namyangju-si,南楊州（ナムヤンジュ）,True,,"['南楊州', 'ナムヤンジュ']"
jp,20001612,Icheon-si,イチョン(利川),True,,"['イチョン', '利川']"
jp,20001599,Hwaseong-si,華城（ファソン）,True,,"['華城', 'ファソン']"
jp,20001153,Gwangmyeong-si,光明(クァンミョン),True,,"['光明', 'クァンミョン']"
jp,20001151,Gwangju-si,光州(グァンジュ),True,,"['光州', 'グァンジュ']"
jp,20001148,Gwacheon-si,果川(クァチョン),True,,"['果川', 'クァチョン']"
jp,20001133,Gunpo-si,軍浦 (グンポ),True,,"['軍浦', 'グンポ']"
jp,20001030,Gimpo-si,金浦(キンポ),True,,"['金浦', 'キンポ']"
jp,20001009,Gapyeong-gun,カピョン(加平),True,,"['カピョン', '加平']"
jp,20000119,Anseong-si,安城(アンソン),True,,"['安城', 'アンソン']"
jp,20000977,Gangwon,江原道(カンウォンド),True,,"['江原道', 'カンウォンド']"
jp,20000973,Gangneung-si,江陵(カンヌン),True,,"['江陵', 'カンヌン']"
jp,20005283,Yanggu-gun,楊口(ヤンク),True,,"['楊口', 'ヤンク']"
jp,20004396,Taebaek-si,太白(テバク),True,,"['太白', 'テバク']"
jp,20004291,Sokcho-si,ソクチョ (束草),True,,"['ソクチョ', '束草']"
jp,20003661,Pyeongchang-gun,平昌（ピョンチャン）,True,,"['平昌', 'ピョンチャン']"
jp,20001458,Hongcheon-gun,洪川(ホンチョン),True,,"['洪川', 'ホンチョン']"
jp,20001447,Hoengseong-gun,ホンソン(洪城),True,,"['ホンソン', '洪城']"
jp,20001066,Goseong-gun,高城(コソン),True,,"['高城', 'コソン']"
jp,20000712,Donghae-si,東海(トンヘ),True,,"['東海', 'トンヘ']"
jp,20000526,Chuncheon-si,春川（チュンチョン）,True,,"['春川', 'チュンチョン']"
jp,20000466,Cheorwon-gun,鉄原(チョルウォン),True,,"['鉄原', 'チョルウォン']"
jp,20000529,Chungnam,忠南 (チュンナム),True,,"['忠南', 'チュンナム']"
jp,20004395,Taean-gun,泰安(テアン),True,,"['泰安', 'テアン']"
jp,20003974,Seocheon-gun,西川(ソチョン),True,,"['西川', 'ソチョン']"
jp,20003407,Nonsan-si,論山（ノンサン）,True,,"['論山', 'ノンサン']"
jp,20001468,Hongseong-gun,洪城(ホンソン),True,,"['洪城', 'ホンソン']"
jp,20001161,Gyerong-si,鶏龍(ケリョン),True,,"['鶏龍', 'ケリョン']"
jp,20001053,Gongju-si,公州(コンジュ),True,,"['公州', 'コンジュ']"
jp,20001023,Geumsan-gun,金山(クムサン),True,,"['金山', 'クムサン']"
jp,20000595,Dangjin-si,唐津(タンジン),True,,"['唐津', 'タンジン']"
jp,20000465,Cheongyang-gun,青陽（チョンヤン）,True,,"['青陽', 'チョンヤン']"
jp,20000340,Buyeo-gun,扶余(プヨ),True,,"['扶余', 'プヨ']"
jp,20000317,Boryeong-si,ポリョン(保寧),True,,"['ポリョン', '保寧']"
jp,20001765,Jeonnam,全南(ジョンナム),True,,"['全南', 'ジョンナム']"
jp,20005362,Yeosu-si,麗水(イェス),True,,"['麗水', 'イェス']"
jp,20005356,Yeonggwang-gun,ヨングァン(ヨングァン),True,,"['ヨングァン', 'ヨングァン']"
jp,20005350,Yeongam-gun,永岩(ヨンアム),True,,"['永岩', 'ヨンアム']"
jp,20004351,Suncheon-si,順天(スンチョン),True,,"['順天', 'スンチョン']"
jp,20004280,Sinan-gun,新安(シナン),True,,"['新安', 'シナン']"
jp,20003051,Mokpo-si,木浦(モクポ),True,,"['木浦', 'モクポ']"
jp,20001881,Jindo-gun,仁島(ジンド),True,,"['仁島', 'ジンド', '仁']"
jp,20001754,Jangseong-gun,長城(チャンソン),True,,"['長城', 'チャンソン']"
jp,20001753,Jangheung-gun,ジャンヒョン(長興),True,,"['ジャンヒョン', '長興']"
jp,20001600,Hwasun-gun,華山(ファスン),True,,"['華山', 'ファスン']"
jp,20001155,Gwangyang-si,光陽(クァンヤン),True,,"['光陽', 'クァンヤン']"
jp,20001138,Gurye-gun,グリョ(求礼),True,,"['グリョ', '求礼']"
jp,20001038,Goheung-gun,高興(コヒョン),True,,"['高興', 'コヒョン']"
jp,20000969,Gangjin-gun,江津(カンジン),True,,"['江津', 'カンジン']"
jp,20004826,Wanju-gun,完州(ワンジュ),True,,"['完州', 'ワンジュ']"
jp,20004350,Sunchang-gun,新昌(スンチャン),True,,"['新昌', 'スンチャン']"
jp,20003199,Namwon-si,南原(ナムウォン),True,,"['南原', 'ナムウォン']"
jp,20001872,Jinan-gun,鎮安(チナン),True,,"['鎮安', 'チナン']"
jp,20001761,Jeongeup-si,全州(チョンジュ),True,,"['全州', 'チョンジュ']"
jp,20001755,Jangsu-gun,長水(チャンス),True,,"['長水', 'チャンス']"
jp,20001648,Iksan-si,益山(イクサン),True,,"['益山', 'イクサン']"
jp,20001134,Gunsan-si,群山(クンサン),True,,"['群山', 'クンサン']"
jp,20001035,Gochang-gun,五常(ゴチャン),True,,"['五常', 'ゴチャン']"
jp,20001029,Gimje-si,金堤(キムジェ),True,,"['金堤', 'キムジェ']"
jp,20000325,Buan-gun,武安(ブアン),True,,"['武安', 'ブアン']"
jp,20004660,Tongyeong-si,統営(トンイョン),True,,"['統営', 'トンイョン']"
jp,20003909,Sancheong-gun,サンチョン(山清),True,,"['サンチョン', '山清']"
jp,20003195,Namhae-gun,南海(ナムヘ),True,,"['南海', 'ナムヘ']"
jp,20002979,Miryang-si,密陽(ミリャン),True,,"['密陽', 'ミリャン']"
jp,20001927,Jinju-si,晋州(ジンジュ),True,,"['晋州', 'ジンジュ']"
jp,20001260,Hapcheon-gun,合川(ハプチョン),True,,"['合川', 'ハプチョン']"
jp,20001067,Goseong-gun,高城(コソン),True,,"['高城', 'コソン']"
jp,20001028,Gimhae-si,金海(キムヘ),True,,"['金海', 'キムヘ']"
jp,20001019,Geoje-si,巨済(コジェ),True,,"['巨済', 'コジェ']"
jp,20001018,Geochang-gun,巨昌(コチャン),True,,"['巨昌', 'コチャン']"
jp,20000399,Changwon-si,昌原（チャンウォン）,True,,"['昌原', 'チャンウォン']"
jp,20001919,Jinhae-gu,鎮海(チネ),True,,"['鎮海', 'チネ']"
jp,20000387,Changnyeong-gun,昌寧(チャンニョン),True,,"['昌寧', 'チャンニョン']"
jp,10011078,Central,中環(セントラル),True,,"['中環', 'セントラル']"
jp,10011006,Admiralty,金鐘（アドミラルティ）,True,,"['金鐘', 'アドミラルティ']"
jp,10011457,The Peak,ザ・ピーク（山頂）,True,,"['ザ・ピーク', '山頂']"
jp,10010992,Mid-levels,半山（ミッドレベルズ）,True,,"['半山', 'ミッドレベルズ']"
jp,10010994,Sheung Wan,上環(シャンウォン),True,,"['上環', 'シャンウォン']"
jp,10010796,North Point,北角(ノースポイント),True,,"['北角', 'ノースポイント']"
jp,10010997,Fortress Hill,フォートレスヒル（炮台山）,True,,"['フォートレスヒル', '炮台山']"
jp,10010792,Wan Chai,灣仔区(ワンチャイ),True,,"['灣仔区', 'ワンチャイ', '灣仔']"
jp,10011414,Stanley,スタンレー（赤柱）,True,,"['スタンレー', '赤柱']"
jp,10010978,Yau Tong,ヤウトン（油塘）,True,,"['ヤウトン', '油塘']"
jp,10011113,Ngau Tau Kok,牛頭角(ンガウ・タウ・コク),True,,"['牛頭角', 'ンガウ・タウ・コク']"
jp,10010947,Kowloon Tsai,九龍仔(クウロン・ツァイ),True,,"['九龍仔', 'クウロン・ツァイ']"
jp,10010944,To Kwa Wan,九龍灣（ト・クワ・ワン）,True,,"['九龍灣', 'ト・クワ・ワン']"
jp,10010836,Diamond Hill,ダイヤモンドヒル（鑽石山）,True,,"['ダイヤモンドヒル', '鑽石山']"
jp,10010834,Sham Shui Po District,深水埗区(シャム・シュイ・ポー地区),True,,"['深水埗区', 'シャム・シュイ・ポー地区', '深水埗', 'シャム・シュイ・ポー']"
jp,10010987,Sham Shui Po,深水埗(シャム・シュイ・ポー),True,,"['深水埗', 'シャム・シュイ・ポー']"
jp,10010981,Tai Hang Tung Road,太行東路（タイハンドンロード）,True,,"['太行東路', 'タイハンドンロード']"
jp,10010983,Stonecutters Island,青洲（ストーンカッターズ島）,True,,"['青洲', 'ストーンカッターズ島', 'ストーンカッターズ']"
jp,10010787,Yau Tsim Mong District,油尖旺区(ヤウ・チム・モン地区),True,,"['油尖旺区', 'ヤウ・チム・モン地区', '油尖旺', 'ヤウ・チム・モン']"
jp,10010988,Tsim Sha Tsui East,尖沙咀東(チム・シャ・ツイ・イースト),True,,"['尖沙咀東', 'チム・シャ・ツイ・イースト']"
jp,10011476,Tsim Sha Tsui,尖沙咀(チムサーシャーツイ),True,,"['尖沙咀', 'チムサーシャーツイ']"
jp,10010788,Jordan,ジョーダン（佐敦）,True,,"['ジョーダン', '佐敦']"
jp,10011256,Mong Kok,旺角(モンコック),True,,"['旺角', 'モンコック']"
jp,10010989,Prince Edward,太子(プリンス・エドワード),True,,"['太子', 'プリンス・エドワード']"
jp,10010764,Sai Kung,西貢(サイクン),True,,"['西貢', 'サイクン']"
jp,10010917,Tuen Mun District,屯門区(トゥエン・ムン地区),True,,"['屯門区', 'トゥエン・ムン地区', '屯門', 'トゥエン・ムン']"
jp,10010858,Tuen Mun,屯門(トゥエン・ムン),True,,"['屯門', 'トゥエン・ムン']"
jp,10010825,Sha Tin District,沙田区(シャーティン地区),True,,"['沙田区', 'シャーティン地区', '沙田', 'シャーティン']"
jp,10010867,Kwai Tsing District,葵青区(クワイ・チン地区),True,,"['葵青区', 'クワイ・チン地区', '葵青', 'クワイ・チン']"
jp,10010871,Tsuen Wan District,荃湾区(ツエン・ワン地区),True,,"['荃湾区', 'ツエン・ワン地区', '荃湾', 'ツエン・ワン']"
jp,10010763,Yim Tin Tsai,塩田仔（イムティンサイ）,True,,"['塩田仔', 'イムティンサイ']"
jp,10010830,Lo Wai,老圍(ロー・ワイ),True,,"['老圍', 'ロー・ワイ']"
jp,20001358,Higashi-son,東村（沖縄県）,False,,"['東村', '東']"
jp,20002130,Kanzaki-gun,神埼郡（佐賀県）,False,,"['神埼郡', '神埼']"
jp,20001373,Higashimatsura-gun,東松浦郡（佐賀県）,False,,"['東松浦郡', '東松浦']"
jp,20002152,Kashima-shi,鹿島市（佐賀県）,False,,"['鹿島市', '鹿島']"
jp,20003455,Oguni-machi,小国町（熊本県）,False,,"['小国町', '小国']"
jp,20004457,Takamori-machi,高森町（熊本県）,False,,"['高森町', '高森']"
jp,20002987,Misato-machi,美里町（熊本県）,False,,"['美里町', '美里']"
jp,20002291,Kitamatsura-gun,北松浦郡（長崎県）,False,,"['北松浦郡', '北松浦']"
jp,20002936,Minamimatsura-gun,南松浦郡（長崎県）,False,,"['南松浦郡', '南松浦']"
jp,20003525,Osaki-cho,大崎町（鹿児島県）,False,,"['大崎町', '大崎']"
jp,20003533,Oshima-gun,大島郡（鹿児島県）,False,,"['大島郡', '大島']"
jp,20002395,Kumage-gun,熊毛郡（鹿児島県）,False,,"['熊毛郡', '熊毛']"
jp,20003119,Nagashima-cho,長島町（鹿児島県）,False,,"['長島町', '長島']"
jp,20004720,Tsuno-cho,都農町（宮崎県）,False,,"['都農町', '都農']"
jp,20002983,Misato-cho,美郷町（宮崎県）,False,,"['美郷町', '美郷']"
jp,20002205,Kawasaki-machi,川崎町（福岡県）,False,,"['川崎町', '川崎']"
jp,20001431,Hirokawa-machi,広川町（福岡県）,False,,"['広川町', '広川']"
jp,20001351,Higashi-ku,東区（福岡市）,False,,"['東区', '東']"
jp,20002906,Minami-ku,南区（福岡市）,False,,"['南区', '南']"
jp,20003343,Nishi-ku,西区（福岡市）,False,,"['西区', '西']"
jp,20000532,Chuo-ku,中央区（福岡市）,False,,"['中央区', '中央']"
jp,20004802,Wakamatsu-ku,若松区（北九州市）,False,,"['若松区', '若松']"
jp,20005239,Yamagata-shi,山県市（岐阜県）,False,,"['山県市', '山県']"
jp,20004186,Shirakawa-cho,白川町（岐阜県）,False,,"['白川町', '白川']"
jp,20002343,Konan-ku,江南区（新潟市）,False,,"['江南区', '江南']"
jp,20003348,Nishi-ku,西区（新潟市）,False,,"['西区', '西']"
jp,20002878,Mihama-cho,美浜町（福井県）,False,,"['美浜町', '美浜']"
jp,20001641,Ikeda-cho,池田町（福井県）,False,,"['池田町', '池田']"
jp,20003188,Nambu-cho,南部町（山梨県）,False,,"['南部町', '南部']"
jp,20004231,Showa-cho,昭和町（山梨県）,False,,"['昭和町', '昭和']"
jp,20000156,Asahi-machi,朝日町（下新川郡）,False,,"['朝日町', '朝日']"
jp,20004136,Shimizu-cho,清水町（静岡県）,False,,"['清水町', '清水']"
jp,20005491,Yoshida-cho,吉田町（静岡県）,False,,"['吉田町', '吉田']"
jp,20003056,Mori-machi,森町（静岡県）,False,,"['森町', '森']"
jp,20003344,Nishi-ku,西区（浜松市）,False,,"['西区', '西']"
jp,20003142,Naka-ku,中区（浜松市）,False,,"['中区', '中']"
jp,20001352,Higashi-ku,東区（浜松市）,False,,"['東区', '東']"
jp,20002263,Kita-ku,北区（浜松市）,False,,"['北区', '北']"
jp,20004137,Shimizu-ku,清水区（静岡市）,False,,"['清水区', '清水']"
jp,20002935,Minamimaki-mura,南牧村（長野県）,False,,"['南牧村', '南牧']"
jp,20002191,Kawakami-mura,川上村（長野県）,False,,"['川上村', '川上']"
jp,20001643,Ikeda-machi,池田町（長野県）,False,,"['池田町', '池田']"
jp,20003157,Nakagawa-mura,中川村（長野県）,False,,"['中川村', '中川']"
jp,20004472,Takayama-mura,高山村（長野県）,False,,"['高山村', '高山']"
jp,20004458,Takamori-machi,高森町（長野県）,False,,"['高森町', '高森']"
jp,20000157,Asahi-mura,朝日村（東筑摩郡）,False,,"['朝日村', '朝日']"
jp,20005238,Yamagata-mura,山形村（長野県）,False,,"['山形村', '山形']"
jp,20002876,Mihama-cho,美浜町（愛知県）,False,,"['美浜町', '美浜']"
jp,20004595,Togo-cho,東郷町（愛知県）,False,,"['東郷町', '東郷']"
jp,20002345,Konan-shi,江南市（愛知県）,False,,"['江南市', '江南']"
jp,20003031,Miyoshi-shi,みよし市（愛知県）,False,,"['みよし市', 'みよし']"
jp,20002266,Kita,北区（名古屋市）,False,,"['北区', '北']"
jp,20003347,Nishi,西区（名古屋市）,False,,"['西区', '西']"
jp,20002867,Midori,緑区（名古屋市）,False,,"['緑区', '緑']"
jp,20003037,Mizuho,瑞穂区（名古屋市）,False,,"['瑞穂区', '瑞穂']"
jp,20002909,Minami,南区（名古屋市）,False,,"['南区', '南']"
jp,20004232,Showa,昭和区（名古屋市）,False,,"['昭和区', '昭和']"
jp,20001354,Higashi,東区（名古屋市）,False,,"['東区', '東']"
jp,20003144,Naka,中区（名古屋市）,False,,"['中区', '中']"
jp,30019252,Kanayama,金山（名古屋市）,False,,['金山']
jp,30019251,Sakae,栄（名古屋市）,False,,['栄']
jp,20002955,Minato,港区（名古屋市）,False,,"['港区', '港']"
jp,20001344,Hidaka-cho,日高町（北海道）,False,,"['日高町', '日高']"
jp,20000898,Fukushima-cho,福島町（北海道）,False,,"['福島町', '福島']"
jp,20002816,Matsumae-cho,松前町（北海道）,False,,"['松前町', '松前']"
jp,20002310,Kiyosato-cho,清里町（北海道）,False,,"['清里町', '清里']"
jp,20000791,Esashi-cho,江差町（檜山郡）,False,,"['江差町', '江差']"
jp,20003055,Mori-machi,森町（北海道茅部郡）,False,,"['森町', '森']"
jp,20003352,Nishi,西区（札幌市）,False,,"['西区', '西']"
jp,20002914,Minami,南区（札幌市）,False,,"['南区', '南']"
jp,20002270,Kita,北区（札幌市）,False,,"['北区', '北']"
jp,20001357,Higashi,東区（札幌市）,False,,"['東区', '東']"
jp,20000537,Chuo,中央区（札幌市）,False,,"['中央区', '中央']"
jp,30018327,Motomachi,元町（函館市）,False,,"['元町', '元']"
jp,30018328,Matsukazecho,松風町（函館市）,False,,"['松風町', '松風']"
jp,20003152,Nakagawa-cho,中川町（北海道）,False,,"['中川町', '中川']"
jp,20001642,Ikeda-cho,池田町（北海道）,False,,"['池田町', '池田']"
jp,20004135,Shimizu-cho,清水町（北海道）,False,,"['清水町', '清水']"
jp,20002073,Kamikawa-cho,上川町（北海道）,False,,"['上川町', '上川']"
jp,20002192,Kawakami-mura,川上村（奈良県）,False,,"['川上村', '川上']"
jp,20002198,Kawanishi-cho,川西町（奈良県）,False,,"['川西町', '川西']"
jp,20002877,Mihama-cho,美浜町（和歌山県）,False,,"['美浜町', '美浜']"
jp,20002840,Meiwa-cho,明和町（三重県）,False,,"['明和町', '明和']"
jp,20000152,Asahi-cho,朝日町（三重県）,False,,"['朝日町', '朝日']"
jp,20002185,Kawagoe-cho,川越町（三重県）,False,,"['川越町', '川越']"
jp,20004421,Taiki-cho,大紀町（三重県）,False,,"['大紀町', '大紀']"
jp,20002879,Mihama-cho,美浜町（三重県）,False,,"['美浜町', '美浜']"
jp,20001409,Hino-cho,日野町（滋賀県）,False,,"['日野町', '日野']"
jp,20002347,Konan-shi,湖南市（滋賀県）,False,,"['湖南市', '湖南']"
jp,20002265,Kita,北区（京都市）,False,,"['北区', '北']"
jp,20002908,Minami,南区（京都市）,False,,"['南区', '南']"
jp,30019247,Kurama,鞍馬（京都市左京区）,False,,['鞍馬']
jp,30019249,Nishijin,西陣（京都市）,False,,['西陣']
jp,20003351,Nishi-ku,西区（堺市）,False,,"['西区', '西']"
jp,20003883,Sakai-ku,堺区（堺市）,False,,"['堺区', '堺']"
jp,20003146,Naka-ku,中区（堺市）,False,,"['中区', '中']"
jp,20002269,Kita-ku,北区（堺市）,False,,"['北区', '北']"
jp,20002881,Mihara-ku,美原区（堺市）,False,,"['美原区', '美原']"
jp,20001356,Higashi-ku,東区（堺市）,False,,"['東区', '東']"
jp,20002913,Minami-ku,南区（堺市）,False,,"['南区', '南']"
jp,20003349,Nishi,西区（大阪市）,False,,"['西区', '西']"
jp,20002267,Kita,北区（大阪市）,False,,"['北区', '北']"
jp,20002956,Minato,港区（大阪市）,False,,"['港区', '港']"
jp,20000534,Chuo,中央区（大阪市）,False,,"['中央区', '中央']"
jp,20004727,Tsurumi,鶴見区（大阪市）,False,,"['鶴見区', '鶴見']"
jp,20000153,Asahi,旭区（大阪市）,False,,"['旭区', '旭']"
jp,30019200,Uehommachi,上本町（天王寺）,False,,"['上本町', '上本']"
jp,20004431,Taishi-cho,太子町（兵庫県）,False,,"['太子町', '太子']"
jp,20002129,Kanzaki-gun,神崎郡（兵庫県）,False,,"['神崎郡', '神崎']"
jp,20002058,Kami-cho,香美町（兵庫県）,False,,"['香美町', '香美']"
jp,20004342,Suma-ku,須磨区（神戸市）,False,,"['須磨区', '須磨']"
jp,20004523,Tarumi-ku,垂水区（神戸市）,False,,"['垂水区', '垂水']"
jp,20000533,Chuo-ku,中央区（神戸市）,False,,"['中央区', '中央']"
jp,20001601,Hyogo-ku,兵庫区（神戸市）,False,,"['兵庫区', '兵庫']"
jp,20003346,Nishi-ku,西区（神戸市）,False,,"['西区', '西']"
jp,20002264,Kita-ku,北区（神戸市）,False,,"['北区', '北']"
jp,20003121,Nagata-ku,長田区（神戸市）,False,,"['長田区', '長田']"
jp,20001381,Higashinada-ku,東灘区（神戸市）,False,,"['東灘区', '東灘']"
jp,20003942,Sasayama-shi,篠山市（丹波篠山市）,False,,"['篠山市', '篠山']"
jp,20002893,Miki-shi,三木市（兵庫県）,False,,"['三木市', '三木']"
jp,20000051,Aki-gun,安芸郡（広島県）,False,,"['安芸郡', '安芸']"
jp,20000858,Fuchu-shi,府中市（広島県）,False,,"['府中市', '府中']"
jp,20003345,Nishi-ku,西区（広島市）,False,,"['西区', '西']"
jp,20002907,Minami-ku,南区（広島市）,False,,"['南区', '南']"
jp,20003143,Naka-ku,中区（広島市）,False,,"['中区', '中']"
jp,20001353,Higashi-ku,東区（広島市）,False,,"['東区', '東']"
jp,20003434,Oda-gun,小田郡（岡山県）,False,,"['小田郡', '小田']"
jp,20002009,Kaga-gun,加賀郡（岡山県）,False,,"['加賀郡', '加賀']"
jp,20004616,Tomata-gun,苫田郡（岡山県）,False,,"['苫田郡', '苫田']"
jp,20003145,Naka-ku,中区（岡山市）,False,,"['中区', '中']"
jp,20002910,Minami-ku,南区（岡山市）,False,,"['南区', '南']"
jp,20001355,Higashi-ku,東区（岡山市）,False,,"['東区', '東']"
jp,20003534,Oshima-gun,大島郡（山口県）,False,,"['大島郡', '大島']"
jp,20002396,Kumage-gun,熊毛郡（山口県）,False,,"['熊毛郡', '熊毛']"
jp,20003189,Nambu-cho,南部町（鳥取県）,False,,"['南部町', '南部']"
jp,20003294,Nichinan-cho,日南町（鳥取県）,False,,"['日南町', '日南']"
jp,20001410,Hino-cho,日野町（鳥取県）,False,,"['日野町', '日野']"
jp,20004804,Wakasa-cho,若桜町（鳥取県）,False,,"['若桜町', '若桜']"
jp,20003433,Ochi-gun,邑智郡（島根県）,False,,"['邑智郡', '邑智']"
jp,20002984,Misato-cho,美郷町（島根県）,False,,"['美郷町', '美郷']"
jp,20002799,Masaki-cho,松前町（愛媛県）,False,,"['松前町', '松前']"
jp,20003432,Ochi-gun,越智郡（愛媛県）,False,,"['越智郡', '越智']"
jp,20003141,Naka-gun,那賀郡（徳島県）,False,,"['那賀郡', '那賀']"
jp,20001347,Hidaka-mura,日高村（高知県）,False,,"['日高村', '日高']"
jp,20004509,Tano-cho,田野町（高知県）,False,,"['田野町', '田野']"
jp,20004234,Showa-mura,昭和村（群馬県）,False,,"['昭和村', '昭和']"
jp,20004471,Takayama-mura,高山村（群馬県）,False,,"['高山村', '高山']"
jp,20003197,Nammoku-mura,南牧村（群馬県）,False,,"['南牧村', '南牧']"
jp,20002841,Meiwa-machi,明和町（群馬県）,False,,"['明和町', '明和']"
jp,20003038,Mizuho-machi,瑞穂町（東京都西多摩郡）,False,,"['瑞穂町', '瑞穂']"
jp,20003538,Ota,大田区（東京）,False,,"['大田区', '大田']"
jp,20000538,Chuo,中央区（東京）,False,,"['中央区', '中央']"
jp,30016887,Otsuka,大塚（文京区）,False,,['大塚']
jp,20002866,Midori,緑区（千葉市）,False,,"['緑区', '緑']"
jp,20000531,Chuo,中央区（千葉市）,False,,"['中央区', '中央']"
jp,20003156,Nakagawa-machi,那珂川町（栃木県）,False,,"['那珂川町', '那珂川']"
jp,20002986,Misato-machi,美里町（埼玉県）,False,,"['美里町', '美里']"
jp,20003895,Sakura-ku,桜区（さいたま市）,False,,"['桜区', '桜']"
jp,20003350,Nishi-ku,西区（さいたま市）,False,,"['西区', '西']"
jp,20002869,Midori-ku,緑区（さいたま市）,False,,"['緑区', '緑']"
jp,20004783,Urawa-ku,浦和区（さいたま市）,False,,"['浦和区', '浦和']"
jp,20002268,Kita-ku,北区（さいたま市）,False,,"['北区', '北']"
jp,20002977,Minuma-ku,見沼区（さいたま市）,False,,"['見沼区', '見沼']"
jp,20002912,Minami-ku,南区（さいたま市）,False,,"['南区', '南']"
jp,20001736,Iwatsuki-ku,岩槻区（さいたま市）,False,,"['岩槻区', '岩槻']"
jp,20000536,Chuo-ku,中央区（さいたま市）,False,,"['中央区', '中央']"
jp,20003461,Oi-machi,大井町（神奈川県）,False,,"['大井町', '大井']"
jp,20003140,Naka-gun,中郡（神奈川県）,False,,"['中郡', '中']"
jp,20000535,Chuo-ku,中央区（相模原市）,False,,"['中央区', '中央']"
jp,20002868,Midori-ku,緑区（相模原市）,False,,"['緑区', '緑']"
jp,20002911,Minami-ku,南区（相模原市）,False,,"['南区', '南']"
jp,20000169,Asao-ku,麻生区（川崎市）,False,,"['麻生区', '麻生']"
jp,20003160,Nakahara-ku,中原区（川崎市）,False,,"['中原区', '中原']"
jp,20004469,Takatsu-ku,高津区（川崎市）,False,,"['高津区', '高津']"
jp,20004487,Tama-ku,多摩区（川崎市）,False,,"['多摩区', '多摩']"
jp,20003022,Miyamae-ku,宮前区（川崎市）,False,,"['宮前区', '宮前']"
jp,20003875,Saiwai-ku,幸区（川崎市）,False,,"['幸区', '幸']"
jp,20002203,Kawasaki-ku,川崎区（川崎市）,False,,"['川崎区', '川崎']"
jp,20003996,Seya-ku,瀬谷区（横浜市）,False,,"['瀬谷区', '瀬谷']"
jp,20001446,Hodogaya-ku,保土ケ谷区（横浜市）,False,,"['保土ケ谷区', '保土ケ谷']"
jp,20000136,Aoba-ku,青葉区（横浜市）,False,,"['青葉区', '青葉']"
jp,20000154,Asahi-ku,旭区（横浜市）,False,,"['旭区', '旭']"
jp,20003353,Nishi-ku,西区（横浜市）,False,,"['西区', '西']"
jp,20001700,Isogo-ku,磯子区（横浜市）,False,,"['磯子区', '磯子']"
jp,20002870,Midori-ku,緑区（横浜市）,False,,"['緑区', '緑']"
jp,20003147,Naka-ku,中区（横浜市）,False,,"['中区', '中']"
jp,20004679,Totsuka-ku,戸塚区（横浜市）,False,,"['戸塚区', '戸塚']"
jp,20003879,Sakae-ku,栄区（横浜市）,False,,"['栄区', '栄']"
jp,20004736,Tsuzuki-ku,都筑区（横浜市）,False,,"['都筑区', '都筑']"
jp,20004728,Tsurumi-ku,鶴見区（横浜市）,False,,"['鶴見区', '鶴見']"
jp,20002104,Kanazawa-ku,金沢区（横浜市）,False,,"['金沢区', '金沢']"
jp,20002328,Kohoku-ku,港北区（横浜市）,False,,"['港北区', '港北']"
jp,20002101,Kanagawa-ku,神奈川区（横浜市）,False,,"['神奈川区', '神奈川']"
jp,20001743,Izumi-ku,泉区（横浜市）,False,,"['泉区', '泉']"
jp,20002915,Minami-ku,南区（横浜市）,False,,"['南区', '南']"
jp,20002344,Konan-ku,港南区（横浜市）,False,,"['港南区', '港南']"
jp,20003139,Naka-gun,那珂郡（茨城県）,False,,"['那珂郡', '那珂']"
jp,20003884,Sakai-machi,境町（茨城県）,False,,"['境町', '境']"
jp,20002985,Misato-cho,美郷町（秋田県）,False,,"['美郷町', '美郷']"
jp,20002204,Kawasaki-machi,川崎町（宮城県）,False,,"['川崎町', '川崎']"
jp,20002988,Misato-machi,美里町（宮城県）,False,,"['美里町', '美里']"
jp,20000135,Aoba-ku,青葉区（仙台市）,False,,"['青葉区', '青葉']"
jp,20004411,Taihaku-ku,太白区（仙台市）,False,,"['太白区', '太白']"
jp,20003008,Miyagino-ku,宮城野区（仙台市）,False,,"['宮城野区', '宮城野']"
jp,20004801,Wakabayashi-ku,若林区（仙台市）,False,,"['若林区', '若林']"
jp,20001742,Izumi-ku,泉区（仙台市）,False,,"['泉区', '泉']"
jp,20002109,Kaneyama-machi,金山町（福島県）,False,,"['金山町', '金山']"
jp,20001695,Ishikawa-gun,石川郡（福島県）,False,,"['石川郡', '石川']"
jp,20000619,Date-shi,伊達市（福島県）,False,,"['伊達市', '伊達']"
jp,20003190,Nambu-cho,南部町（青森県）,False,,"['南部町', '南部']"
jp,20005436,Yokohama-machi,横浜町（青森県）,False,,"['横浜町', '横浜']"
jp,20000155,Asahi-machi,朝日町（西村山郡）,False,,"['朝日町', '朝日']"
jp,20002199,Kawanishi-machi,川西町（山形県）,False,,"['川西町', '川西']"
jp,20003456,Oguni-machi,小国町（山形県）,False,,"['小国町', '小国']"
jp,20002108,Kaneyama-machi,金山町（山形県）,False,,"['金山町', '金山']"
jp,20005234,Yamada-machi,山田町（岩手県）,False,,"['山田町', '山田']"
jp,20000462,Sangdang-gu,淸州市（チョンジュ）,True,,"['淸州市', 'チョンジュ', '淸州']"
jp,20000461,Heungdeok-gu,チョンジュ（興徳）,False,,['チョンジュ']
jp,20003509,Ongjin-gun,翁津（オンジン）,True,,"['翁津', 'オンジン']"
jp,20000968,Ganghwa-gun,江華(カンファ),True,,"['江華', 'カンファ']"
jp,20001674,Incheon,仁川（インチョン）,True,,"['仁川', 'インチョン']"
jp,20005361,Yeonsu-gu,延寿(ヨンス),True,,"['延寿', 'ヨンス']"
jp,20003191,Namdong-gu,南洞(ナムドン),True,,"['南洞', 'ナムドン']"
jp,20001162,Gyeyang-gu,桂陽(ケヤン),True,,"['桂陽', 'ケヤン']"
jp,20000336,Bupyeong-gu,富平（ブピョン）,True,,"['富平', 'ブピョン']"
jp,20003186,Nam,南（ナム）,True,,"['南', 'ナム']"
jp,20000703,Dongdaemun-gu,東大門(トンデムン),True,,"['東大門', 'トンデムン']"
jp,20005475,Yongsan-gu,龍山（ヨンサン）,True,,"['龍山', 'ヨンサン']"
jp,30016625,Itaewon,梨泰院(イテウォン),True,,"['梨泰院', 'イテウォン']"
jp,20005353,Yeongdeungpo-gu,永登浦(ヨンドゥンポ),True,,"['永登浦', 'ヨンドゥンポ']"
jp,30016632,Yeouido,汝矣島(ヨイド),True,,"['汝矣島', 'ヨイド', '汝矣']"
jp,20005278,Yangcheon-gu,陽川(ヤンチョン),True,,"['陽川', 'ヤンチョン']"
jp,20003979,Seongbuk-gu,成北(ソンブク),True,,"['成北', 'ソンブク']"
jp,20003976,Seodaemun-gu,西大門(ソデムン),True,,"['西大門', 'ソデムン']"
jp,30016633,Sinchon,新村(シンチョン),True,,"['新村', 'シンチョン', '新']"
jp,20003975,Seocho-gu,西草洞(ソチョ),True,,"['西草洞', 'ソチョ']"
jp,20002794,Mapo-gu,マポ(麻浦),True,,"['マポ', '麻浦']"
jp,30016628,Hongdae,弘大(ホンデ),True,,"['弘大', 'ホンデ']"
jp,20002000,Jungnang-gu,中浪(チュンナン),True,,"['中浪', 'チュンナン']"
jp,20001998,Jung-gu,中 (ジュン),True,,"['中', 'ジュン']"
jp,30016624,Myeongdong,明洞(ミョンドン),True,,"['明洞', 'ミョンドン']"
jp,20001986,Jongno-gu,鍾路(チョンノ),True,,"['鍾路', 'チョンノ']"
jp,30016630,Insadong,仁寺洞(インサドン),True,,"['仁寺洞', 'インサドン']"
jp,30016631,Gwanghwamun,光化門(クァンファムン),True,,"['光化門', 'クァンファムン']"
jp,20001150,Gwangjin-gu,光進(グァンジン),True,,"['光進', 'グァンジン']"
jp,20001149,Gwanak-gu,観岳(クァナク),True,,"['観岳', 'クァナク']"
jp,20001137,Guro-gu,グロ(グロ),False,,['グロ']
jp,20001021,Geumcheon-gu,金天区(クムチョン),True,,"['金天区', 'クムチョン', '金天']"
jp,20000975,Gangseo-gu,江南(カンナム),True,,"['江南', 'カンナム']"
jp,20000971,Gangnam-gu,江南(カンナム),True,,"['江南', 'カンナム']"
jp,20000967,Gangdong-gu,江東（カンドン）,True,,"['江東', 'カンドン']"
jp,20000964,Gangbuk-gu,江北（カンブク）,True,,"['江北', 'カンブク']"
jp,20000687,Dobong-gu,道峰(ドボン),True,,"['道峰', 'ドボン']"
jp,20003187,Nam-gu,南（ナム）,True,,"['南', 'ナム']"
jp,20001152,Gwangju,光州(グァンジュ),True,,"['光州', 'グァンジュ']"
jp,20003185,Nam-gu,南（ナム）,True,,"['南', 'ナム']"
jp,20001154,Gwangsan-gu,光山(クァンザン),True,,"['光山', 'クァンザン']"
jp,20000567,Daejeon,大田(テジョン),True,,"['大田', 'テジョン']"
jp,20000565,Daedeok-gu,大徳(デデク),True,,"['大徳', 'デデク']"
jp,20000566,Daegu,大邱（テグ）,True,,"['大邱', 'テグ']"
jp,20001135,Gunwi-gun,軍威(グンウィ),True,,"['軍威', 'グンウィ']"
jp,20004363,Suseong-gu,スソン(スソン),True,,"['スソン', 'スソン']"
jp,20003184,Nam-gu,南（ナム）,True,,"['南', 'ナム']"
jp,20000588,Dalseong-gun,達城(タルソン),True,,"['達城', 'タルソン']"
jp,20000587,Dalseo-gu,ダルソ(ダルソ),True,,"['ダルソ', 'ダルソ']"
jp,20000337,Busan,釜山(プサン),True,,"['釜山', 'プサン']"
jp,20005360,Yeonje-gu,延世(イェンセ),True,,"['延世', 'イェンセ']"
jp,20005354,Yeongdo-gu,影島(ヨンド),True,,"['影島', 'ヨンド', '影']"
jp,20004375,Suyeong-gu,水営(スヨン),True,,"['水営', 'スヨン']"
jp,20003183,Nam-gu,南（ナム）,True,,"['南', 'ナム']"
jp,20001178,Haeundae-gu,海雲台(ヘウンデ),True,,"['海雲台', 'ヘウンデ']"
jp,20001026,Gijang-gun,機張(ギジャン),True,,"['機張', 'ギジャン']"
jp,20001022,Geumjeong-gu,金井(クムジョン),True,,"['金井', 'クムジョン']"
jp,20000974,Gangseo-gu,江西（カンソ）,True,,"['江西', 'カンソ']"
jp,20000726,Dongnae-gu,東莱(ドンレ),True,,"['東莱', 'ドンレ']"
jp,30019418,Seomyeon  Street,西面ストリート (セミョンストリート),True,,"['西面ストリート', 'セミョンストリート']"
jp,20003638,Nam-gu,浦項(ポハン),True,,"['浦項', 'ポハン']"
jp,20003637,Buk-gu,浦項(ポハン),True,,"['浦項', 'ポハン']"
jp,20000118,Sangnok-gu,安山市 (サンロク),True,,"['安山市', 'サンロク', '安山']"
jp,20000117,Danwon-gu,安山市（ダンウォン）,False,,"['安山市', '安山']"
jp,20000127,Manan-gu,安養（マナン）,False,,['安養']
jp,20000126,Dongan-gu,安養(東安),False,,['安養']
jp,20000328,Wonmi-gu,ブチョン（ウォンミ）,False,,['ブチョン']
jp,20000327,Sosa-gu,ブチョン（ソサ）,False,,['ブチョン']
jp,20000326,Ojeong-gu,プチョン（オジョン）,False,,['プチョン']
jp,20004373,Yondtong-gu,スウォン（ヨントン）,False,,['スウォン']
jp,20004372,Paldal-gu,水原(パルダル),False,,['水原']
jp,20004371,Jangan-gu,水原（チャンガン）,True,,"['水原', 'チャンガン']"
jp,20004370,Gwonseon-gu,スウォン（グォンソン）,False,,['スウォン']
jp,20003984,Sujeong-gu,成南（スジョン）,True,,"['成南', 'スジョン']"
jp,20003983,Jungwon-gu,城南（チョンウォン）,True,,"['城南', 'チョンウォン']"
jp,20003982,Bundang-gu,城南（ブンダン）,True,,"['城南', 'ブンダン']"
jp,20005462,Suji-gu,龍仁（スジ）,False,,['龍仁']
jp,20005461,Giheung-gu,龍仁(ギフン),True,,"['龍仁', 'ギフン']"
jp,20005460,Cheoin-gu,龍仁 (チョイン),True,,"['龍仁', 'チョイン']"
jp,20001074,Ilsanseo-gu,高陽 (イルサン西),False,,['高陽']
jp,20001073,Ilsandong-gu,高陽(イルサンドン),False,,['高陽']
jp,20001072,Deogyang-gu,高陽（ドギャン）,True,,"['高陽', 'ドギャン']"
jp,20000459,seobuk-gu,天安(西部区),False,,['天安']
jp,20000458,dongnam-gu,天安(チョナン),True,,"['天安', 'チョナン']"
jp,20001764,Wansan-gu,全州(ワンシャン),True,,"['全州', 'ワンシャン']"
jp,20001763,Deokjin-gu,ジョンジュ（ドクジン）,False,,['ジョンジュ']
